path,msg_id,msg,alerts,chosen,In which repository the modification was done?,In which pull request the modification was done?,Do you consider the removed alert harmful?,Why do you consider it harmful (or harmless)?,"What is the code quality (1 lowest, 10 best)? Code quality refers to the code prior to the pull request.",Why do you consider the code quality as such?,"What is the expected benefit(1 – negative, 5 – neutral, 10 – great)?",Why do you consider the pull request to improve the code (or not improve it)?
mockito\mocking.py,R1719, simplifiable-if-expression,1,1, , , , , , , , 
mockito\matchers.py,W0107,unnecessary-pass,1,1, , , , , , , , 
mockito\invocation.py,R0912, too-many-branches,1,1, , , , , , , , 
mockito\mockito.py,W0718, broad-exception-caught,1,1, , , , , , , , 
mockito\signature.py,R0912, too-many-branches,1,1, , , , , , , , 
mockito\verification.py,W0107,unnecessary-pass,1,1, , , , , , , , 
mockito\mocking.py,C0301, line-too-long,5,0, , , , , , , , 
mockito\invocation.py,R0911, too-many-return-statements,1,0, , , , , , , , 
mockito\signature.py,W0718, broad-exception-caught,1,0, , , , , , , , 
