path,msg_id,msg,alerts,chosen,In which repository the modification was done?,In which pull request the modification was done?,Do you consider the removed alert harmful?,Why do you consider it harmful (or harmless)?,"What is the code quality (1 lowest, 10 best)? Code quality refers to the code prior to the pull request.",Why do you consider the code quality as such?,Do you expect the change to improve the code?,Why do you consider the pull request to improve the code (or not improve it)?
ultralytics\models\yolov10\train.py,C0301, line-too-long,1,1, , , , , , , , 
ultralytics\utils\autobatch.py,W0718, broad-exception-caught,1,1, , , , , , , , 
ultralytics\utils\callbacks\tensorboard.py,W0718, broad-exception-caught,2,1, , , , , , , , 
examples\YOLOv8-OpenCV-ONNX-Python\main.py,C0301, line-too-long,2,1, , , , , , , , 
ultralytics\trackers\byte_tracker.py,R0912, too-many-branches,1,1, , , , , , , , 
ultralytics\cfg\__init__.py,W0718, broad-exception-caught,1,1, , , , , , , , 
ultralytics\utils\callbacks\dvc.py,W0718, broad-exception-caught,1,1, , , , , , , , 
ultralytics\solutions\heatmap.py,R0915, too-many-statements,1,1, , , , , , , , 
ultralytics\data\annotator.py,C0301, line-too-long,2,1, , , , , , , , 
ultralytics\models\yolo\detect\val.py,W0718, broad-exception-caught,1,1, , , , , , , , 
ultralytics\engine\exporter.py,W0718, broad-exception-caught,2,1, , , , , , , , 
ultralytics\models\fastsam\model.py,C0301, line-too-long,2,1, , , , , , , , 
ultralytics\engine\predictor.py,R0912, too-many-branches,1,1, , , , , , , , 
ultralytics\utils\plotting.py,R0915, too-many-statements,1,1, , , , , , , , 
ultralytics\data\loaders.py,R0912, too-many-branches,1,1, , , , , , , , 
ultralytics\data\base.py,C0325, superfluous-parens,1,1, , , , , , , , 
ultralytics\models\utils\ops.py,R0915, too-many-statements,1,1, , , , , , , , 
ultralytics\data\augment.py,C0302, too-many-lines,1,1, , , , , , , , 
ultralytics\utils\callbacks\neptune.py,W0718, broad-exception-caught,1,1, , , , , , , , 
ultralytics\nn\autobackend.py,R0912, too-many-branches,2,1, , , , , , , , 
ultralytics\nn\tasks.py,R0911, too-many-return-statements,1,1, , , , , , , , 
ultralytics\utils\tal.py,C0325, superfluous-parens,1,1, , , , , , , , 
examples\YOLOv8-Region-Counter\yolov8_region_counter.py,R0912, too-many-branches,1,1, , , , , , , , 
ultralytics\nn\modules\utils.py,C0301, line-too-long,1,1, , , , , , , , 
ultralytics\models\yolo\obb\train.py,C0301, line-too-long,1,1, , , , , , , , 
ultralytics\trackers\utils\gmc.py,R0912, too-many-branches,1,1, , , , , , , , 
ultralytics\utils\benchmarks.py,R0912, too-many-branches,1,1, , , , , , , , 
ultralytics\solutions\object_counter.py,R0915, too-many-statements,1,1, , , , , , , , 
ultralytics\data\explorer\explorer.py,W0107,unnecessary-pass,2,1, , , , , , , , 
ultralytics\engine\tuner.py,W0718, broad-exception-caught,1,1, , , , , , , , 
ultralytics\utils\callbacks\clearml.py,W0718, broad-exception-caught,1,1, , , , , , , , 
ultralytics\solutions\ai_gym.py,R0912, too-many-branches,1,1, , , , , , , , 
ultralytics\data\converter.py,R1702, too-many-nested-blocks,1,1, , , , , , , , 
ultralytics\models\sam\modules\encoders.py,C0325, superfluous-parens,1,1, , , , , , , , 
ultralytics\models\yolov10\predict.py,C0301, line-too-long,1,1, , , , , , , , 
ultralytics\utils\checks.py,R0912, too-many-branches,1,1, , , , , , , , 
ultralytics\models\yolo\segment\train.py,C0301, line-too-long,1,1, , , , , , , , 
ultralytics\models\yolo\pose\val.py,W0718, broad-exception-caught,1,1, , , , , , , , 
ultralytics\models\sam\build.py,C0301, line-too-long,2,1, , , , , , , , 
ultralytics\nn\modules\block.py,C0325, superfluous-parens,1,1, , , , , , , , 
ultralytics\utils\__init__.py,W0107,unnecessary-pass,1,1, , , , , , , , 
ultralytics\models\yolo\obb\predict.py,C0301, line-too-long,1,1, , , , , , , , 
ultralytics\utils\downloads.py,R0912, too-many-branches,1,1, , , , , , , , 
ultralytics\utils\callbacks\mlflow.py,W0718, broad-exception-caught,1,1, , , , , , , , 
ultralytics\engine\validator.py,R0915, too-many-statements,1,1, , , , , , , , 
ultralytics\utils\ops.py,R0915, too-many-statements,1,1, , , , , , , , 
ultralytics\models\yolo\segment\val.py,W0718, broad-exception-caught,1,1, , , , , , , , 
ultralytics\nn\modules\head.py,C0325, superfluous-parens,1,1, , , , , , , , 
ultralytics\data\utils.py,R0915, too-many-statements,2,1, , , , , , , , 
ultralytics\utils\callbacks\comet.py,W0718, broad-exception-caught,1,1, , , , , , , , 
ultralytics\utils\patches.py,W0718, broad-exception-caught,1,1, , , , , , , , 
ultralytics\engine\trainer.py,R0912, too-many-branches,1,1, , , , , , , , 
ultralytics\models\fastsam\utils.py,C0301, line-too-long,1,1, , , , , , , , 
ultralytics\utils\errors.py,C0301, line-too-long,1,1, , , , , , , , 
ultralytics\utils\metrics.py,R0912, too-many-branches,1,1, , , , , , , , 
ultralytics\utils\autobatch.py,C0301, line-too-long,7,0, , , , , , , , 
ultralytics\utils\callbacks\tensorboard.py,C0301, line-too-long,7,0, , , , , , , , 
ultralytics\models\yolo\classify\val.py,C0301, line-too-long,5,0, , , , , , , , 
ultralytics\solutions\distance_calculation.py,C0301, line-too-long,5,0, , , , , , , , 
ultralytics\utils\callbacks\__init__.py,R0801, duplicate-code,64,0, , , , , , , , 
ultralytics\models\utils\loss.py,C0301, line-too-long,24,0, , , , , , , , 
ultralytics\trackers\byte_tracker.py,C0301, line-too-long,20,0, , , , , , , , 
ultralytics\trackers\byte_tracker.py,R0915, too-many-statements,1,0, , , , , , , , 
ultralytics\cfg\__init__.py,C0301, line-too-long,30,0, , , , , , , , 
ultralytics\cfg\__init__.py,C0325, superfluous-parens,1,0, , , , , , , , 
ultralytics\cfg\__init__.py,R0912, too-many-branches,1,0, , , , , , , , 
ultralytics\cfg\__init__.py,R0915, too-many-statements,1,0, , , , , , , , 
ultralytics\models\yolo\obb\val.py,C0301, line-too-long,8,0, , , , , , , , 
ultralytics\utils\loss.py,C0301, line-too-long,72,0, , , , , , , , 
ultralytics\utils\callbacks\dvc.py,C0301, line-too-long,8,0, , , , , , , , 
ultralytics\utils\torch_utils.py,C0301, line-too-long,45,0, , , , , , , , 
ultralytics\utils\torch_utils.py,W0718, broad-exception-caught,5,0, , , , , , , , 
ultralytics\solutions\heatmap.py,C0301, line-too-long,5,0, , , , , , , , 
ultralytics\solutions\heatmap.py,R0912, too-many-branches,1,0, , , , , , , , 
ultralytics\models\fastsam\val.py,C0301, line-too-long,5,0, , , , , , , , 
ultralytics\models\yolo\model.py,C0301, line-too-long,3,0, , , , , , , , 
ultralytics\models\yolo\detect\val.py,C0301, line-too-long,17,0, , , , , , , , 
ultralytics\engine\exporter.py,C0301, line-too-long,94,0, , , , , , , , 
ultralytics\engine\exporter.py,C0302, too-many-lines,1,0, , , , , , , , 
ultralytics\engine\exporter.py,R0912, too-many-branches,3,0, , , , , , , , 
ultralytics\engine\exporter.py,R0915, too-many-statements,3,0, , , , , , , , 
ultralytics\models\fastsam\predict.py,C0301, line-too-long,13,0, , , , , , , , 
ultralytics\engine\predictor.py,C0301, line-too-long,16,0, , , , , , , , 
ultralytics\utils\instance.py,C0301, line-too-long,8,0, , , , , , , , 
ultralytics\utils\plotting.py,C0301, line-too-long,71,0, , , , , , , , 
ultralytics\utils\plotting.py,C0302, too-many-lines,1,0, , , , , , , , 
ultralytics\utils\plotting.py,R0912, too-many-branches,1,0, , , , , , , , 
ultralytics\utils\plotting.py,R1702, too-many-nested-blocks,1,0, , , , , , , , 
ultralytics\utils\plotting.py,W0718, broad-exception-caught,2,0, , , , , , , , 
examples\YOLOv8-ONNXRuntime\main.py,C0301, line-too-long,5,0, , , , , , , , 
ultralytics\data\loaders.py,C0301, line-too-long,19,0, , , , , , , , 
ultralytics\data\loaders.py,W0718, broad-exception-caught,1,0, , , , , , , , 
ultralytics\models\rtdetr\predict.py,C0301, line-too-long,9,0, , , , , , , , 
ultralytics\models\sam\modules\tiny_encoder.py,C0301, line-too-long,39,0, , , , , , , , 
app.py,C0301, line-too-long,4,0, , , , , , , , 
ultralytics\engine\results.py,C0301, line-too-long,44,0, , , , , , , , 
ultralytics\models\rtdetr\train.py,C0301, line-too-long,4,0, , , , , , , , 
ultralytics\models\yolo\pose\train.py,C0301, line-too-long,3,0, , , , , , , , 
ultralytics\models\yolo\segment\predict.py,C0301, line-too-long,5,0, , , , , , , , 
ultralytics\data\base.py,C0301, line-too-long,11,0, , , , , , , , 
ultralytics\data\base.py,W0718, broad-exception-caught,1,0, , , , , , , , 
ultralytics\models\utils\ops.py,C0301, line-too-long,42,0, , , , , , , , 
ultralytics\data\augment.py,C0301, line-too-long,85,0, , , , , , , , 
ultralytics\data\augment.py,R0912, too-many-branches,1,0, , , , , , , , 
ultralytics\data\augment.py,W0107,unnecessary-pass,4,0, , , , , , , , 
ultralytics\data\augment.py,W0718, broad-exception-caught,1,0, , , , , , , , 
ultralytics\engine\model.py,C0301, line-too-long,130,0, , , , , , , , 
ultralytics\models\yolo\classify\train.py,C0301, line-too-long,8,0, , , , , , , , 
ultralytics\utils\callbacks\neptune.py,C0301, line-too-long,4,0, , , , , , , , 
examples\YOLOv8-Segmentation-ONNXRuntime-Python\main.py,C0301, line-too-long,18,0, , , , , , , , 
ultralytics\nn\autobackend.py,C0301, line-too-long,39,0, , , , , , , , 
ultralytics\nn\autobackend.py,R0915, too-many-statements,2,0, , , , , , , , 
ultralytics\nn\tasks.py,C0301, line-too-long,80,0, , , , , , , , 
ultralytics\nn\tasks.py,C0302, too-many-lines,1,0, , , , , , , , 
ultralytics\nn\tasks.py,R0912, too-many-branches,2,0, , , , , , , , 
ultralytics\nn\tasks.py,R0915, too-many-statements,1,0, , , , , , , , 
ultralytics\utils\tal.py,C0301, line-too-long,22,0, , , , , , , , 
examples\YOLOv8-OpenCV-int8-tflite-Python\main.py,C0301, line-too-long,5,0, , , , , , , , 
examples\YOLOv8-Region-Counter\yolov8_region_counter.py,C0301, line-too-long,8,0, , , , , , , , 
examples\YOLOv8-Region-Counter\yolov8_region_counter.py,R0915, too-many-statements,1,0, , , , , , , , 
ultralytics\data\explorer\utils.py,C0301, line-too-long,3,0, , , , , , , , 
ultralytics\models\sam\predict.py,C0301, line-too-long,67,0, , , , , , , , 
ultralytics\utils\files.py,C0301, line-too-long,9,0, , , , , , , , 
ultralytics\trackers\utils\gmc.py,C0301, line-too-long,15,0, , , , , , , , 
ultralytics\trackers\utils\gmc.py,R0915, too-many-statements,1,0, , , , , , , , 
ultralytics\trackers\utils\gmc.py,W0718, broad-exception-caught,1,0, , , , , , , , 
ultralytics\utils\benchmarks.py,C0301, line-too-long,40,0, , , , , , , , 
ultralytics\utils\benchmarks.py,R0915, too-many-statements,1,0, , , , , , , , 
ultralytics\utils\benchmarks.py,W0718, broad-exception-caught,1,0, , , , , , , , 
ultralytics\solutions\object_counter.py,C0301, line-too-long,9,0, , , , , , , , 
ultralytics\solutions\object_counter.py,R0912, too-many-branches,1,0, , , , , , , , 
ultralytics\data\build.py,C0301, line-too-long,4,0, , , , , , , , 
ultralytics\data\explorer\explorer.py,C0301, line-too-long,31,0, , , , , , , , 
ultralytics\data\explorer\explorer.py,C0325, superfluous-parens,1,0, , , , , , , , 
ultralytics\data\explorer\explorer.py,W0718, broad-exception-caught,1,0, , , , , , , , 
ultralytics\engine\tuner.py,C0301, line-too-long,23,0, , , , , , , , 
ultralytics\models\sam\model.py,C0301, line-too-long,12,0, , , , , , , , 
ultralytics\utils\callbacks\clearml.py,C0301, line-too-long,5,0, , , , , , , , 
ultralytics\models\nas\model.py,C0301, line-too-long,4,0, , , , , , , , 
ultralytics\models\sam\modules\transformer.py,C0301, line-too-long,21,0, , , , , , , , 
ultralytics\solutions\ai_gym.py,C0301, line-too-long,3,0, , , , , , , , 
ultralytics\models\nas\predict.py,C0301, line-too-long,3,0, , , , , , , , 
ultralytics\data\converter.py,C0301, line-too-long,18,0, , , , , , , , 
ultralytics\data\converter.py,R0912, too-many-branches,1,0, , , , , , , , 
ultralytics\models\sam\modules\encoders.py,C0301, line-too-long,18,0, , , , , , , , 
ultralytics\utils\callbacks\wb.py,C0301, line-too-long,15,0, , , , , , , , 
ultralytics\models\yolo\detect\train.py,C0301, line-too-long,10,0, , , , , , , , 
ultralytics\data\dataset.py,C0301, line-too-long,32,0, , , , , , , , 
ultralytics\models\nas\val.py,C0301, line-too-long,4,0, , , , , , , , 
ultralytics\models\sam\amg.py,C0301, line-too-long,11,0, , , , , , , , 
ultralytics\utils\triton.py,C0301, line-too-long,7,0, , , , , , , , 
docs\build_docs.py,C0301, line-too-long,8,0, , , , , , , , 
ultralytics\trackers\bot_sort.py,C0301, line-too-long,15,0, , , , , , , , 
ultralytics\data\explorer\gui\dash.py,C0301, line-too-long,14,0, , , , , , , , 
ultralytics\utils\checks.py,C0301, line-too-long,50,0, , , , , , , , 
ultralytics\utils\checks.py,C0325, superfluous-parens,4,0, , , , , , , , 
ultralytics\utils\checks.py,W0718, broad-exception-caught,3,0, , , , , , , , 
ultralytics\models\yolo\pose\val.py,C0301, line-too-long,13,0, , , , , , , , 
ultralytics\nn\modules\block.py,C0301, line-too-long,31,0, , , , , , , , 
ultralytics\utils\__init__.py,C0301, line-too-long,53,0, , , , , , , , 
ultralytics\utils\__init__.py,C0302, too-many-lines,1,0, , , , , , , , 
ultralytics\utils\__init__.py,R0916, too-many-boolean-expressions,1,0, , , , , , , , 
ultralytics\utils\__init__.py,W0718, broad-exception-caught,2,0, , , , , , , , 
ultralytics\utils\dist.py,C0301, line-too-long,3,0, , , , , , , , 
ultralytics\utils\tuner.py,C0301, line-too-long,6,0, , , , , , , , 
ultralytics\models\rtdetr\val.py,C0301, line-too-long,7,0, , , , , , , , 
ultralytics\hub\auth.py,C0301, line-too-long,5,0, , , , , , , , 
ultralytics\nn\modules\conv.py,C0301, line-too-long,20,0, , , , , , , , 
ultralytics\models\sam\modules\decoders.py,C0301, line-too-long,6,0, , , , , , , , 
ultralytics\solutions\speed_estimation.py,C0301, line-too-long,6,0, , , , , , , , 
ultralytics\utils\downloads.py,C0301, line-too-long,50,0, , , , , , , , 
ultralytics\utils\downloads.py,W0718, broad-exception-caught,2,0, , , , , , , , 
ultralytics\hub\session.py,C0301, line-too-long,12,0, , , , , , , , 
ultralytics\hub\__init__.py,C0301, line-too-long,11,0, , , , , , , , 
ultralytics\utils\callbacks\mlflow.py,C0301, line-too-long,13,0, , , , , , , , 
ultralytics\engine\validator.py,C0301, line-too-long,15,0, , , , , , , , 
ultralytics\engine\validator.py,R0912, too-many-branches,1,0, , , , , , , , 
ultralytics\engine\validator.py,W0107,unnecessary-pass,10,0, , , , , , , , 
ultralytics\models\rtdetr\model.py,C0301, line-too-long,5,0, , , , , , , , 
ultralytics\models\sam\modules\sam.py,C0301, line-too-long,6,0, , , , , , , , 
ultralytics\utils\ops.py,C0301, line-too-long,63,0, , , , , , , , 
ultralytics\utils\ops.py,C0325, superfluous-parens,1,0, , , , , , , , 
ultralytics\utils\ops.py,R0912, too-many-branches,1,0, , , , , , , , 
ultralytics\models\yolo\segment\val.py,C0301, line-too-long,12,0, , , , , , , , 
ultralytics\trackers\track.py,C0301, line-too-long,5,0, , , , , , , , 
ultralytics\nn\modules\head.py,C0301, line-too-long,50,0, , , , , , , , 
ultralytics\utils\callbacks\base.py,C0301, line-too-long,7,0, , , , , , , , 
ultralytics\utils\callbacks\base.py,W0107,unnecessary-pass,25,0, , , , , , , , 
ultralytics\data\utils.py,C0301, line-too-long,63,0, , , , , , , , 
ultralytics\data\utils.py,C0325, superfluous-parens,1,0, , , , , , , , 
ultralytics\data\utils.py,R0912, too-many-branches,3,0, , , , , , , , 
ultralytics\data\utils.py,W0718, broad-exception-caught,3,0, , , , , , , , 
ultralytics\models\yolo\classify\predict.py,C0301, line-too-long,4,0, , , , , , , , 
ultralytics\trackers\utils\kalman_filter.py,C0301, line-too-long,37,0, , , , , , , , 
ultralytics\utils\callbacks\comet.py,C0301, line-too-long,14,0, , , , , , , , 
ultralytics\utils\patches.py,C0301, line-too-long,5,0, , , , , , , , 
ultralytics\engine\trainer.py,C0301, line-too-long,57,0, , , , , , , , 
ultralytics\engine\trainer.py,R0915, too-many-statements,1,0, , , , , , , , 
ultralytics\engine\trainer.py,R0916, too-many-boolean-expressions,1,0, , , , , , , , 
ultralytics\engine\trainer.py,W0107,unnecessary-pass,4,0, , , , , , , , 
ultralytics\hub\utils.py,C0301, line-too-long,25,0, , , , , , , , 
docs\build_reference.py,C0301, line-too-long,9,0, , , , , , , , 
ultralytics\nn\modules\transformer.py,C0301, line-too-long,28,0, , , , , , , , 
ultralytics\trackers\utils\matching.py,C0301, line-too-long,5,0, , , , , , , , 
ultralytics\models\fastsam\prompt.py,C0301, line-too-long,20,0, , , , , , , , 
examples\YOLOv8-SAHI-Inference-Video\yolov8_sahi.py,C0301, line-too-long,5,0, , , , , , , , 
ultralytics\models\yolo\pose\predict.py,C0301, line-too-long,3,0, , , , , , , , 
ultralytics\utils\metrics.py,C0301, line-too-long,92,0, , , , , , , , 
ultralytics\utils\metrics.py,C0302, too-many-lines,1,0, , , , , , , , 
