repo_name,status,time,alerts,interventions,intervention_types,comment
OCA/bank-payment,alerts,2024-09-28 11:40:31.823566,28,25,6,
CTPUG/wafer,no alerts,2024-09-28 11:40:37.315605,0,0,0,
openstack/blazar,no alerts,2024-09-28 11:40:42.315611,0,0,0,
pinry/pinry,no alerts,2024-09-28 11:40:49.445299,0,0,0,
CIRCL/AIL-framework,alerts,2024-09-28 11:42:37.437719,273,95,11,
ProjectSky/FrackinUniverse-sChinese-Project,alerts,2024-09-28 11:43:22.954540,16,8,5,
pkkid/python-plexapi,alerts,2024-09-28 11:44:13.126604,44,15,5,
plotly/plotly.py,no alerts,2024-09-28 11:45:43.925862,0,0,0,
edx/credentials,no alerts,2024-09-28 11:45:57.639511,0,0,0,
pyvisa/pyvisa,no alerts,2024-09-28 11:46:02.745132,0,0,0,
Fillll/reddit2telegram,alerts,2024-09-28 11:47:20.969818,37,21,5,
dj-stripe/dj-stripe,alerts,2024-09-28 11:48:30.629027,31,18,8,
planetlabs/planet-client-python,alerts,2024-09-28 11:49:08.929146,16,12,3,
common-workflow-language/cwltool,no alerts,2024-09-28 11:49:19.027647,0,0,0,
ligo-cbc/pycbc,no alerts,2024-09-28 11:49:56.876457,0,0,0,
angr/cle,no alerts,2024-09-28 11:50:05.229341,0,0,0,
agdsn/pycroft,no alerts,2024-09-28 11:50:20.839387,0,0,0,
spyder-ide/qtpy,no alerts,2024-09-28 11:50:28.978467,0,0,0,
dbcli/pgcli,no alerts,2024-09-28 11:50:40.370835,0,0,0,
alimanfoo/petl,no alerts,2024-09-28 11:50:50.483177,0,0,0,
tweepy/tweepy,no alerts,2024-09-28 11:51:03.318060,0,0,0,
redis/redis-py,alerts,2024-09-28 11:53:34.636549,56,22,7,
oppia/oppia,alerts,2024-09-28 12:19:56.707887,195,104,7,
YunoHost/apps,no alerts,2024-09-28 12:20:11.346033,0,0,0,
getsentry/responses,no alerts,2024-09-28 12:20:14.813424,0,0,0,
matplotlib/basemap,alerts,2024-09-28 12:25:13.577141,29,17,7,
isard-vdi/isard,alerts,2024-09-28 12:27:53.995692,342,120,14,
danielhrisca/asammdf,alerts,2024-09-28 12:29:59.861805,228,69,12,
boto/boto3,no alerts,2024-09-28 12:30:06.601446,0,0,0,
pydoit/doit,no alerts,2024-09-28 12:30:13.147457,0,0,0,
h2non/filetype.py,no alerts,2024-09-28 12:30:17.507803,0,0,0,
cloudify-cosmo/cloudify-cli,alerts,2024-09-28 12:31:13.524679,36,22,7,
hugsy/gef,no alerts,2024-09-28 12:31:19.619314,0,0,0,
tryton/trytond,no alerts,2024-09-28 12:31:41.198635,0,0,0,
rwightman/pytorch-image-models,alerts,2024-09-28 12:33:52.675717,335,120,9,
pallets/click,no alerts,2024-09-28 12:33:57.280397,0,0,0,
SALib/SALib,alerts,2024-09-28 12:34:56.909141,22,13,5,
git-cola/git-cola,alerts,2024-09-28 12:36:24.365918,109,63,7,
Charcoal-SE/SmokeDetector,alerts,2024-09-28 12:50:17.553722,82,22,12,
hyperspy/hyperspy,no alerts,2024-09-28 12:51:54.747227,0,0,0,
uw-it-aca/spotseeker_server,no alerts,2024-09-28 12:52:03.308418,0,0,0,
statsmodels/statsmodels,no alerts,2024-09-28 12:52:53.592840,0,0,0,
oVirt/releng-tools,alerts,2024-09-28 12:53:15.487898,20,7,5,
SatelliteQE/robottelo,not cloned,2024-09-28 12:53:43.280172,0,0,0,
plivo/plivo-python,alerts,2024-09-28 12:54:24.839035,87,56,6,
gajim/gajim,no alerts,2024-09-28 12:55:27.343322,0,0,0,
luci/luci-py,alerts,2024-09-28 13:20:34.288034,475,215,16,
cloudera/hue,no alerts,2024-09-28 13:23:01.468274,0,0,0,
lsst/obs_decam,alerts,2024-09-28 13:23:41.303246,18,13,5,
openstack/os-brick,alerts,2024-09-28 13:24:07.736120,29,12,5,
pinterest/pymemcache,no alerts,2024-09-28 13:24:11.405128,0,0,0,
f-droid/fdroidserver,no alerts,2024-09-28 13:24:26.598039,0,0,0,
kovidgoyal/kitty,no alerts,2024-09-28 13:24:49.112821,0,0,0,
pytroll/pyresample,no alerts,2024-09-28 13:24:59.413716,0,0,0,
aiven/journalpump,no alerts,2024-09-28 13:25:02.790946,0,0,0,
graalvm/mx,no alerts,2024-09-28 13:25:17.936104,0,0,0,
unitedstates/contact-congress,alerts,2024-09-28 13:25:30.271719,1,0,0,
jamesoff/simplemonitor,no alerts,2024-09-28 13:25:35.120138,0,0,0,
gpodder/gpodder,alerts,2024-09-28 13:26:16.898931,149,63,9,
python-caldav/caldav,no alerts,2024-09-28 13:26:20.956350,0,0,0,
voxpupuli/puppetboard,no alerts,2024-09-28 13:26:31.974012,0,0,0,
elastic/elasticsearch-py,alerts,2024-09-28 13:28:14.214886,170,63,8,
lark-parser/lark,no alerts,2024-09-28 13:28:18.344305,0,0,0,
CompassionCH/compassion-switzerland,alerts,2024-09-28 13:28:58.948641,36,31,5,
getting-things-gnome/gtg,no alerts,2024-09-28 13:29:09.845293,0,0,0,
mujin/mujincontrollerclientpy,alerts,2024-09-28 13:29:23.963777,36,10,6,
openforcefield/openff-toolkit,alerts,2024-09-28 13:31:13.113339,78,27,9,
gpodder/mygpo,no alerts,2024-09-28 13:31:21.437917,0,0,0,
hhursev/recipe-scraper,alerts,2024-09-28 13:32:01.492684,38,29,4,
ClusterLabs/crmsh,no alerts,2024-09-28 13:32:19.212683,0,0,0,
inventree/InvenTree,alerts,2024-09-28 13:37:12.752348,658,405,11,
mapillary/OpenSfM,no alerts,2024-09-28 13:37:50.339941,0,0,0,
Abjad/abjad,no alerts,2024-09-28 13:40:32.127636,0,0,0,
mozilla/kitsune,no alerts,2024-09-28 13:41:24.370359,0,0,0,
numixproject/numix-core,no alerts,2024-09-28 13:41:57.325030,0,0,0,
openstack/designate,no alerts,2024-09-28 13:42:04.255751,0,0,0,
globocom/database-as-a-service,alerts,2024-09-28 13:48:27.225260,473,89,14,
apache/allura,alerts,2024-09-28 13:50:53.773817,291,129,12,
pallets/flask,alerts,2024-09-28 13:51:15.732823,12,7,3,
ceph/ceph-ansible,alerts,2024-09-28 13:51:34.769220,35,10,3,
stripe/stripe-python,alerts,2024-09-28 13:56:45.333500,343,87,7,
Unidata/MetPy,alerts,2024-09-28 14:03:14.834828,50,21,6,
materialsvirtuallab/monty,alerts,2024-09-28 14:03:36.452981,12,8,5,
SUSE/kiwi,no alerts,2024-09-28 14:05:42.229698,0,0,0,
sqlalchemy/alembic,no alerts,2024-09-28 14:05:46.719291,0,0,0,
theislab/scanpy,alerts,2024-09-28 14:07:27.982340,129,55,8,
mandiant/capa,no alerts,2024-09-28 14:07:41.370358,0,0,0,
bazelbuild/continuous-integration,alerts,2024-09-28 14:08:08.001536,27,10,6,
graphql-python/graphene,no alerts,2024-09-28 14:08:12.243838,0,0,0,
OCA/bank-statement-import,alerts,2024-09-28 14:08:35.668716,23,19,3,
openstack/tempest,no alerts,2024-09-28 14:08:51.402777,0,0,0,
SoCo/SoCo,no alerts,2024-09-28 14:08:56.298089,0,0,0,
qtile/qtile,no alerts,2024-09-28 14:09:10.259214,0,0,0,
GoogleChrome/chromium-dashboard,alerts,2024-09-28 14:10:34.181154,97,62,10,
GeospatialPython/pyshp,alerts,2024-09-28 14:10:46.901921,6,1,1,
vyos/vyos-1x,alerts,2024-09-28 14:13:30.784854,421,174,14,
django-oscar/django-oscar,alerts,2024-09-28 14:16:58.845284,128,87,7,
lutris/lutris,no alerts,2024-09-28 14:17:16.188619,0,0,0,
plotly/dash,no alerts,2024-09-28 14:18:23.912368,0,0,0,
Ajapaik/ajapaik-web,alerts,2024-09-28 14:20:03.231902,168,65,10,
metabrainz/picard,no alerts,2024-09-28 14:20:42.207253,0,0,0,
metabrainz/picard,no alerts,2024-09-28 14:23:54.303786,0,0,0,
s3tools/s3cmd,alerts,2024-09-28 14:24:27.872183,51,17,6,
certtools/intelmq,no alerts,2024-09-28 14:24:44.541278,0,0,0,
openstack/ironic,no alerts,2024-09-28 14:25:12.551896,0,0,0,
gramps-project/gramps,no alerts,2024-09-28 14:28:00.516375,0,0,0,
pypa/warehouse,no alerts,2024-09-28 14:30:07.061295,0,0,0,
arista-eosplus/pyeapi,no alerts,2024-09-28 14:30:10.754764,0,0,0,
apple/coremltools,no alerts,2024-09-28 14:30:37.051622,0,0,0,
vlachoudis/bCNC,no alerts,2024-09-28 14:30:51.816246,0,0,0,
django-extensions/django-extensions,alerts,2024-09-28 14:31:46.287753,111,45,8,
jameskermode/f90wrap,no alerts,2024-09-28 14:31:51.510301,0,0,0,
jasonrbriggs/stomp.py,no alerts,2024-09-28 14:31:56.040342,0,0,0,
webcomics/dosage,alerts,2024-09-28 14:32:32.838645,33,26,5,
buffer/thug,no alerts,2024-09-28 14:32:52.814281,0,0,0,
vnpy/vnpy,no alerts,2024-09-28 14:34:03.565599,0,0,0,
spesmilo/electrum,no alerts,2024-09-28 14:34:25.428246,0,0,0,
fedora-infra/anitya,no alerts,2024-09-28 14:34:32.369756,0,0,0,
attwad/python-osc,alerts,2024-09-28 14:34:46.366386,13,6,3,
dask/distributed,no alerts,2024-09-28 14:36:53.658143,0,0,0,
praw-dev/praw,no alerts,2024-09-28 14:37:11.502229,0,0,0,
giampaolo/psutil,no alerts,2024-09-28 14:37:26.565079,0,0,0,
EasyPost/easypost-python,alerts,2024-09-28 14:37:42.705281,27,18,4,
redhat-openstack/rdoinfo,no alerts,2024-09-28 14:37:52.110410,0,0,0,
lauris/awesome-scala,alerts,2024-09-28 14:38:00.183525,2,1,1,
GluuFederation/community-edition-setup,alerts,2024-09-28 14:38:43.323671,166,52,10,
openstack/heat,no alerts,2024-09-28 14:39:07.598421,0,0,0,
edx/api-manager,alerts,2024-09-28 14:39:15.919752,4,1,1,
cobrateam/splinter,no alerts,2024-09-28 14:39:20.204279,0,0,0,
AnhellO/DAS_Sistemas,alerts,2024-09-28 14:41:07.303513,122,76,5,
ros2/launch,alerts,2024-09-28 14:41:47.897538,22,15,7,
ReactiveX/RxPY,alerts,2024-09-28 14:43:12.671143,23,17,4,
bloomberg/chef-bcpc,not cloned,2024-09-28 14:45:56.499923,0,0,0,
python-visualization/folium,no alerts,2024-09-28 14:47:52.718431,0,0,0,
gem/oq-engine,alerts,2024-09-28 15:06:05.912201,231,125,13,
mozilla/pontoon,no alerts,2024-09-28 15:06:25.583812,0,0,0,
eternnoir/pyTelegramBotAPI,alerts,2024-09-28 15:07:34.450086,102,40,8,
rocky/python-uncompyle6,alerts,2024-09-28 15:09:31.818305,231,70,10,
jaraco/keyring,no alerts,2024-09-28 15:09:36.692400,0,0,0,
gentoo/portage,alerts,2024-09-28 15:17:17.650527,395,149,13,
alphagov/notifications-admin,alerts,2024-09-28 15:20:17.240627,115,46,7,
healpy/healpy,alerts,2024-09-28 15:20:54.592375,37,11,6,
drzoidberg33/plexpy,no alerts,2024-09-28 15:21:34.939114,0,0,0,
ipython/ipython,no alerts,2024-09-28 15:22:05.755881,0,0,0,
robcarver17/pysystemtrade,no alerts,2024-09-28 15:27:17.612498,0,0,0,
OCA/account-financial-reporting,alerts,2024-09-28 15:27:46.102634,27,17,4,
INCF/pybids,alerts,2024-09-28 15:28:15.008132,40,19,6,
cclib/cclib,no alerts,2024-09-28 15:28:43.080199,0,0,0,
nortikin/sverchok,alerts,2024-09-28 15:38:19.837321,1186,486,16,
librosa/librosa,no alerts,2024-09-28 15:38:33.001160,0,0,0,
niklasf/python-chess,alerts,2024-09-28 15:38:57.565538,45,9,7,
pikepdf/pikepdf,alerts,2024-09-28 15:39:17.416248,7,6,4,
nedbat/coveragepy,alerts,2024-09-28 15:39:54.356076,77,35,9,
kaiyou/freeposte.io,no alerts,2024-09-28 15:39:59.989606,0,0,0,
john-kurkowski/tldextract,no alerts,2024-09-28 15:40:03.126968,0,0,0,
translate/translate,no alerts,2024-09-28 15:40:11.152592,0,0,0,
westpa/westpa,alerts,2024-09-28 15:41:12.876641,219,76,11,
indico/indico,no alerts,2024-09-28 15:42:39.374887,0,0,0,
CroceRossaItaliana/jorvik,no alerts,2024-09-28 15:42:47.111391,0,0,0,
stephenmcd/cartridge,no alerts,2024-09-28 15:43:04.678771,0,0,0,
ARTFL-Project/PhiloLogic4,alerts,2024-09-28 15:43:31.645950,144,73,9,
tethysplatform/tethys,alerts,2024-09-28 15:45:34.266867,167,66,12,
codethesaurus/codethesaur.us,no alerts,2024-09-28 15:45:42.420480,0,0,0,
BeyondTheClouds/enoslib,no alerts,2024-09-28 15:45:47.268409,0,0,0,
Kozea/WeasyPrint,no alerts,2024-09-28 15:46:01.318665,0,0,0,
janeczku/calibre-web,alerts,2024-09-28 15:47:04.546839,176,60,9,
conda-forge/conda-smithy,alerts,2024-09-28 15:47:26.820466,35,14,7,
diofant/diofant,no alerts,2024-09-28 15:48:01.297075,0,0,0,
UKPLab/sentence-transformers,alerts,2024-09-28 15:48:54.991384,238,64,6,
infobloxopen/infoblox-client,alerts,2024-09-28 15:49:07.300289,3,3,3,
psathyrella/partis,no alerts,2024-09-28 15:51:43.244613,0,0,0,
igraph/python-igraph,alerts,2024-09-28 15:52:25.134877,82,51,8,
openstack/tripleo-heat-templates,no alerts,2024-09-28 15:52:51.225915,0,0,0,
joshspeagle/dynesty,alerts,2024-09-28 15:53:54.710288,32,8,5,
letsencrypt/letsencrypt,alerts,2024-09-28 15:55:13.101770,13,9,4,
simpeg/simpeg,no alerts,2024-09-28 15:55:37.705826,0,0,0,
hardbyte/python-can,alerts,2024-09-28 15:56:10.703958,68,28,7,
matrix-org/synapse,no alerts,2024-09-28 15:58:19.793929,0,0,0,
mitmproxy/mitmproxy,no alerts,2024-09-28 15:58:41.457343,0,0,0,
SecurityInnovation/PGPy,no alerts,2024-09-28 15:58:45.670594,0,0,0,
MISP/misp-modules,alerts,2024-09-28 15:59:42.122604,374,132,12,
python-social-auth/social-core,alerts,2024-09-28 16:00:12.847624,19,15,4,
androguard/androguard,no alerts,2024-09-28 16:00:44.842951,0,0,0,
merenlab/anvio,no alerts,2024-09-28 16:04:23.688680,0,0,0,
OpenDrift/opendrift,no alerts,2024-09-28 16:04:40.216316,0,0,0,
kovidgoyal/calibre,alerts,2024-09-28 16:40:42.428689,2294,801,14,
OrganicIrradiation/scholarly,no alerts,2024-09-28 16:40:47.703172,0,0,0,
SuadeLabs/fire,alerts,2024-09-28 16:41:02.459315,2,1,1,
scrapy/scrapyd,no alerts,2024-09-28 16:41:06.144937,0,0,0,
PnX-SI/GeoNature,alerts,2024-09-28 16:44:35.223557,124,48,9,
angr/archinfo,no alerts,2024-09-28 16:44:43.084983,0,0,0,
TheAlgorithms/Python,alerts,2024-09-28 16:51:42.729973,31,28,9,
cobbler/cobbler,no alerts,2024-09-28 16:52:06.703160,0,0,0,
hellohaptik/chatbot_ner,no alerts,2024-09-28 16:52:17.210600,0,0,0,
nextstrain/augur,no alerts,2024-09-28 16:52:27.960192,0,0,0,
juju/python-libjuju,alerts,2024-09-28 16:55:01.936935,109,47,10,
dtmilano/AndroidViewClient,alerts,2024-09-28 16:55:45.764548,63,26,7,
JoinMarket-Org/joinmarket-clientserver,alerts,2024-09-28 16:57:02.026339,152,49,11,
FederatedAI/FATE,alerts,2024-09-28 17:01:52.359925,338,140,13,
desihub/fiberassign,alerts,2024-09-28 17:03:18.906916,60,16,6,
hep-gc/cloudscheduler,no alerts,2024-09-28 17:03:53.622069,0,0,0,
hhatto/autopep8,no alerts,2024-09-28 17:03:59.545952,0,0,0,
alphagov/notifications-api,alerts,2024-09-29 11:42:50.286838,387,199,9,
DIRACGrid/DIRAC,no alerts,2024-09-29 11:43:41.403504,0,0,0,
DemocracyClub/yournextrepresentative,alerts,2024-09-29 11:50:43.342230,125,93,9,
sshuttle/sshuttle,no alerts,2024-09-29 11:50:49.245614,0,0,0,
FCP-INDI/C-PAC,alerts,2024-09-29 11:56:24.135023,205,74,10,
twaugh/system-config-printer,no alerts,2024-09-29 11:56:44.473260,0,0,0,
pulse-project/pulse2,alerts,2024-09-29 12:04:53.419464,583,193,15,
DiCarloLab-Delft/PycQED_py3,alerts,2024-09-29 12:14:43.569156,582,200,15,
bcgov/ckanext-bcgov,alerts,2024-09-29 12:15:13.971761,65,24,7,
frappe/erpnext,no alerts,2024-09-29 12:20:09.891966,0,0,0,
dials/dials,alerts,2024-09-29 12:32:26.139942,417,189,12,
ejeschke/ginga,no alerts,2024-09-29 12:32:53.606792,0,0,0,
Hipo/university-domains-list,alerts,2024-09-29 12:33:18.908193,1,1,1,
langcog/wordbank,no alerts,2024-09-29 12:36:02.579932,0,0,0,
RIPE-NCC/ripe-atlas-tools,alerts,2024-09-29 12:36:32.633076,5,4,2,
sigmavirus24/github3.py,no alerts,2024-09-29 12:36:54.047261,0,0,0,
z411/trackma,no alerts,2024-09-29 12:36:58.415682,0,0,0,
mne-tools/mne-python,alerts,2024-09-29 13:01:56.438274,437,173,14,
XKNX/xknx,no alerts,2024-09-29 13:02:02.968444,0,0,0,
nschloe/meshio,alerts,2024-09-29 13:03:10.516126,60,31,6,
robotframework/robotframework,alerts,2024-09-29 13:07:53.223373,59,35,9,
lra/mackup,no alerts,2024-09-29 13:07:57.862215,0,0,0,
appium/python-client,alerts,2024-09-29 13:08:57.061371,57,37,4,
QISKit/qiskit-sdk-py,alerts,2024-09-29 13:34:08.225409,379,208,7,
hail-is/hail,alerts,2024-09-29 13:42:17.737902,544,207,10,
aiven/aiven-client,alerts,2024-09-29 13:42:47.954017,16,6,3,
sukeesh/Jarvis,alerts,2024-09-29 13:44:06.139003,206,94,12,
OCA/account-financial-tools,alerts,2024-09-29 13:45:13.384725,54,45,5,
openstenoproject/plover,no alerts,2024-09-29 13:45:22.976956,0,0,0,
zulip/zulip,alerts,2024-09-29 14:07:28.371927,409,213,10,
CloudBoltSoftware/cloudbolt-forge,alerts,2024-09-29 14:09:28.850774,393,218,13,
akvo/akvo-rsr,alerts,2024-09-29 14:19:02.035538,489,272,13,
uclapi/uclapi,alerts,2024-09-29 14:20:09.924123,71,42,9,
liqd/a4-meinberlin,alerts,2024-09-29 14:23:24.300126,99,93,8,
Kozea/Radicale,no alerts,2024-09-29 14:23:31.282047,0,0,0,
scrapy/scrapy,no alerts,2024-09-29 14:23:42.426322,0,0,0,
pygments/pygments,no alerts,2024-09-29 14:23:56.442849,0,0,0,
choderalab/perses,no alerts,2024-09-29 14:24:13.205358,0,0,0,
ioos/compliance-checker,alerts,2024-09-29 14:25:00.258898,48,15,8,
arskom/spyne,no alerts,2024-09-29 14:25:09.317536,0,0,0,
mwaskom/seaborn,no alerts,2024-09-29 14:25:29.950038,0,0,0,
conan-io/conan,no alerts,2024-09-29 14:25:45.037739,0,0,0,
openstack/trove,no alerts,2024-09-29 14:25:56.115370,0,0,0,
bugsnag/bugsnag-python,alerts,2024-09-29 14:26:45.469289,28,18,5,
GoogleCloudPlatform/monitoring-dashboard-samples,alerts,2024-09-29 14:27:35.721029,2,0,0,
chubin/wttr.in,no alerts,2024-09-29 14:27:40.214291,0,0,0,
numba/llvmlite,no alerts,2024-09-29 14:27:45.229672,0,0,0,
SpheMakh/Stimela,no alerts,2024-09-29 14:27:52.023805,0,0,0,
privacyidea/privacyidea,no alerts,2024-09-29 14:28:11.772929,0,0,0,
great-expectations/great_expectations,no alerts,2024-09-29 14:29:14.529187,0,0,0,
pm4py/pm4py-core,alerts,2024-09-29 14:40:48.939034,1226,500,12,
openstack/horizon,no alerts,2024-09-29 14:42:29.701787,0,0,0,
savoirfairelinux/num2words,no alerts,2024-09-29 14:42:33.580302,0,0,0,
jjjake/internetarchive,no alerts,2024-09-29 14:42:37.416043,0,0,0,
frappe/bench,no alerts,2024-09-29 14:42:47.398167,0,0,0,
scalyr/scalyr-agent-2,alerts,2024-09-29 14:57:31.507309,640,216,16,
eskerda/pybikes,no alerts,2024-09-29 14:57:36.667633,0,0,0,
openatv/enigma2,alerts,2024-09-29 15:04:15.921299,742,228,16,
jupyterhub/oauthenticator,no alerts,2024-09-29 15:04:20.444554,0,0,0,
acq4/acq4,no alerts,2024-09-29 15:04:42.845515,0,0,0,
fedora-infra/bodhi,alerts,2024-09-29 15:06:14.476482,75,35,9,
GPflow/GPflow,no alerts,2024-09-29 15:07:40.757257,0,0,0,
inspirehep/inspire-next,alerts,2024-09-29 15:09:28.767447,76,46,10,
Flexget/Flexget,no alerts,2024-09-29 15:10:04.654488,0,0,0,
RobotWebTools/rosbridge_suite,alerts,2024-09-29 15:10:20.017830,37,21,5,
edx/xblock-lti-consumer,alerts,2024-09-29 15:10:38.200827,37,14,4,
pdfminer/pdfminer.six,no alerts,2024-09-29 15:10:45.191540,0,0,0,
desihub/desisim,alerts,2024-09-29 15:11:38.676419,105,32,9,
mail-in-a-box/mailinabox,alerts,2024-09-29 15:11:54.644369,44,13,6,
pantsbuild/pants,alerts,2024-09-29 15:23:31.496856,397,213,9,
tryton/account_invoice,alerts,2024-09-29 15:24:00.035422,3,1,1,
ONSdigital/eq-survey-runner,alerts,2024-09-29 15:25:32.215446,55,21,1,
mesonbuild/meson,no alerts,2024-09-29 15:25:51.462977,0,0,0,
kubernetes-client/python,alerts,2024-09-29 15:32:12.592964,31,28,9,
OCA/openupgradelib,no alerts,2024-09-29 15:32:19.733845,0,0,0,
edx/edx-e2e-tests,alerts,2024-09-29 15:33:13.510562,52,26,5,
devilry/devilry-django,alerts,2024-09-29 15:44:09.949726,335,186,9,
urllib3/urllib3,no alerts,2024-09-29 15:44:16.078020,0,0,0,
autopkg/rtrouton-recipes,alerts,2024-09-29 15:44:30.330569,5,4,2,
sio2project/oioioi,no alerts,2024-09-29 16:14:15.600430,0,0,0,
geopython/OWSLib,no alerts,2024-09-29 16:14:19.965390,0,0,0,
fastavro/fastavro,no alerts,2024-09-29 16:14:23.655147,0,0,0,
mapproxy/mapproxy,no alerts,2024-09-29 16:14:32.660410,0,0,0,
explosion/spaCy,no alerts,2024-09-29 16:15:18.800749,0,0,0,
cea-sec/ivre,no alerts,2024-09-29 16:15:28.882133,0,0,0,
evilsocket/opensnitch,alerts,2024-09-29 16:16:01.827197,99,29,10,
django-wiki/django-wiki,alerts,2024-09-29 16:16:33.329070,34,21,7,
openstack/neutron-lib,alerts,2024-09-29 16:17:33.288487,26,16,6,
vortex-exoplanet/VIP,alerts,2024-09-29 16:22:39.070441,137,50,9,
bokeh/bokeh,alerts,2024-09-29 16:33:52.665163,372,222,9,
superdesk/superdesk-core,alerts,2024-09-29 16:40:22.020660,553,235,13,
OCA/l10n-italy,alerts,2024-09-29 16:43:13.542449,118,95,9,
kivy/python-for-android,alerts,2024-09-29 16:44:08.303677,62,37,7,
eduNEXT/edunext-platform,alerts,2024-09-29 18:45:07.698780,1384,628,8,
django/django,no alerts,2024-09-29 18:46:21.228264,0,0,0,
edx/edx-platform,no alerts,2024-09-29 18:51:42.386253,0,0,0,
oVirt/ovirt-hosted-engine-setup,alerts,2024-09-29 18:52:26.409734,33,16,6,
tryton/stock,alerts,2024-09-29 18:53:01.666790,12,5,3,
landlab/landlab,alerts,2024-09-29 19:00:29.830468,109,65,9,
feincms/feincms,no alerts,2024-09-29 19:00:41.154951,0,0,0,
PyPSA/PyPSA,no alerts,2024-09-29 19:00:56.791673,0,0,0,
deadc0de6/dotdrop,no alerts,2024-09-29 19:01:01.739644,0,0,0,
openstack/octavia,no alerts,2024-09-29 19:01:13.070429,0,0,0,
byt3bl33d3r/CrackMapExec,alerts,2024-09-29 19:03:11.764982,335,104,11,
openstack/openstack-ansible,no alerts,2024-09-29 19:03:38.045681,0,0,0,
RDFLib/rdflib,no alerts,2024-09-29 19:03:53.029754,0,0,0,
openstack/ceilometer,no alerts,2024-09-29 19:04:02.828888,0,0,0,
GNS3/gns3-server,alerts,2024-09-29 19:06:33.042576,268,77,9,
jumpserver/jumpserver,alerts,2024-09-29 19:12:11.219912,407,242,13,
dask/dask,no alerts,2024-09-29 19:12:47.135897,0,0,0,
tox-dev/tox,alerts,2024-09-29 19:13:51.849502,85,37,6,
twilio/twilio-python,alerts,2024-09-29 19:22:21.971512,473,67,5,
openstack/tripleo-common,no alerts,2024-09-29 19:22:34.631094,0,0,0,
kizniche/Mycodo,no alerts,2024-09-29 19:23:08.510924,0,0,0,
pytest-dev/pytest-qt,alerts,2024-09-29 19:23:25.199251,0,0,0,
hankcs/HanLP,no alerts,2024-09-29 19:23:48.245334,0,0,0,
CenterForOpenScience/osf.io,no alerts,2024-09-29 19:24:42.114235,0,0,0,
archesproject/arches,no alerts,2024-09-29 19:25:39.081206,0,0,0,
getsentry/freight,no alerts,2024-09-29 19:25:43.742118,0,0,0,
pre-commit/pre-commit-hooks,alerts,2024-09-29 19:26:01.134313,2,2,2,
OpenTechFund/WebApp,alerts,2024-09-29 19:41:50.042427,247,138,12,
pypa/setuptools_scm,alerts,2024-09-29 19:42:05.880277,4,3,3,
alfa-addon/addon,alerts,2024-09-29 19:54:17.339412,1386,422,17,
andreafrancia/trash-cli,alerts,2024-09-29 19:54:41.417444,9,6,2,
pre-commit/pre-commit,alerts,2024-09-29 19:55:02.745618,8,5,4,
googlefonts/ufo2ft,alerts,2024-09-29 19:55:29.473308,29,12,5,
guardicore/monkey,alerts,2024-09-29 19:56:57.962420,46,33,5,
cherrypy/cheroot,no alerts,2024-09-29 19:57:11.568978,0,0,0,
sosy-lab/benchexec,no alerts,2024-09-29 19:57:26.691210,0,0,0,
cloudify-cosmo/cloudify-manager,alerts,2024-09-29 19:59:47.436714,73,45,10,
mitodl/micromasters,no alerts,2024-09-29 20:00:01.372838,0,0,0,
candlepin/subscription-manager,alerts,2024-09-29 20:01:32.298829,228,110,12,
vgrem/Office365-REST-Python-Client,alerts,2024-09-29 20:05:52.130777,809,486,4,
mongodb/mongo-python-driver,alerts,2024-09-29 20:07:51.190158,185,84,10,
virt-manager/virt-manager,alerts,2024-09-29 20:09:11.449421,146,58,7,
openstack/manila,no alerts,2024-09-29 20:09:23.203786,0,0,0,
nerdvegas/rez,alerts,2024-09-29 20:11:55.276421,383,156,15,
mikedh/trimesh,no alerts,2024-09-29 20:12:05.978731,0,0,0,
fonttools/fonttools,no alerts,2024-09-29 20:12:16.201928,0,0,0,
python-telegram-bot/python-telegram-bot,alerts,2024-09-29 20:14:06.125314,27,19,3,
wradlib/wradlib,no alerts,2024-09-29 20:14:22.406080,0,0,0,
EPCCed/cirrus-docs,no alerts,2024-09-29 20:14:33.257224,0,0,0,
wagtail/wagtail,no alerts,2024-09-29 20:15:31.765453,0,0,0,
lest/prometheus-rpm,alerts,2024-09-29 20:15:43.669075,2,1,1,
jazzband/inflect,no alerts,2024-09-29 20:15:47.314942,0,0,0,
cmu-delphi/delphi-epidata,alerts,2024-09-29 20:16:22.122078,92,43,8,
pytroll/satpy,no alerts,2024-09-29 20:16:31.227222,0,0,0,
ros2/rclpy,alerts,2024-09-29 20:16:52.611444,18,11,8,
compas-dev/compas,alerts,2024-09-29 20:34:54.474655,311,150,11,
MongoEngine/mongoengine,no alerts,2024-09-29 20:35:05.624567,0,0,0,
docker/docker-py,alerts,2024-09-29 20:36:55.763302,27,16,5,
sony/nnabla,alerts,2024-09-29 20:47:55.259696,352,177,12,
systemd/mkosi,no alerts,2024-09-29 20:48:02.119902,0,0,0,
inveniosoftware/invenio-accounts,alerts,2024-09-29 20:48:22.452990,6,6,3,
conda-forge/conda-forge.github.io,no alerts,2024-09-29 20:49:23.522546,0,0,0,
digitalocean/netbox,alerts,2024-09-29 21:06:25.877298,668,308,12,
olivierkes/manuskript,no alerts,2024-09-29 21:06:34.634928,0,0,0,
Unidata/cftime,alerts,2024-09-29 21:06:54.714662,3,2,2,
DataDog/integrations-extras,alerts,2024-09-29 21:10:01.252849,247,163,7,
KimiNewt/pyshark,alerts,2024-09-29 21:10:15.288796,24,9,3,
openstack/cinder,no alerts,2024-09-29 21:10:56.613998,0,0,0,
pennersr/django-allauth,alerts,2024-09-29 21:12:18.722636,28,24,9,
TerryHowe/ansible-modules-hashivault,alerts,2024-09-29 21:12:43.609365,128,56,6,
openstack/python-openstackclient,alerts,2024-09-29 21:16:24.736336,143,92,9,
cloudevents/spec,no alerts,2024-09-29 21:16:40.529731,0,0,0,
rigetticomputing/pyquil,no alerts,2024-09-29 21:17:00.926738,0,0,0,
DataDog/integrations-core,alerts,2024-09-29 22:32:02.840586,2012,1253,14,
jrief/djangocms-cascade,alerts,2024-09-29 22:32:28.532719,102,56,7,
automl/auto-sklearn,alerts,2024-09-29 22:34:22.855338,111,61,9,
openSUSE/osc,no alerts,2024-09-29 22:34:35.139639,0,0,0,
modoboa/modoboa,no alerts,2024-09-29 22:34:48.885901,0,0,0,
dedupeio/dedupe,no alerts,2024-09-29 22:34:53.481979,0,0,0,
OCA/server-tools,alerts,2024-09-29 22:35:46.227696,73,64,5,
h5py/h5py,no alerts,2024-09-29 22:35:51.897380,0,0,0,
RaRe-Technologies/gensim,no alerts,2024-09-29 22:36:24.528564,0,0,0,
interlegis/sapl,no alerts,2024-09-29 22:37:07.362498,0,0,0,
Guake/guake,no alerts,2024-09-29 22:37:12.531777,0,0,0,
kivy/kivy,no alerts,2024-09-29 22:37:35.532322,0,0,0,
googlefonts/nototools,no alerts,2024-09-29 22:37:52.726030,0,0,0,
GNOME/jhbuild,no alerts,2024-10-01 08:07:50.557884,0,0,0,
angr/pyvex,no alerts,2024-10-01 08:07:53.936403,0,0,0,
dimagi/commcare-hq,no alerts,2024-10-01 08:15:45.615843,0,0,0,
biothings/biothings.api,no alerts,2024-10-01 08:16:08.274311,0,0,0,
pika/pika,no alerts,2024-10-01 08:16:18.707944,0,0,0,
p1c2u/openapi-core,alerts,2024-10-01 08:17:23.243230,11,11,2,
gnocchixyz/gnocchi,no alerts,2024-10-01 08:17:29.342528,0,0,0,
tensorflow/datasets,alerts,2024-10-01 08:38:01.871626,179,139,9,
openstack/bifrost,no alerts,2024-10-01 08:38:07.412804,0,0,0,
SmileyChris/django-countries,alerts,2024-10-01 08:38:21.757158,2,1,1,
boto/botocore,no alerts,2024-10-01 08:41:05.712997,0,0,0,
pyvisa/pyvisa-py,alerts,2024-10-01 08:41:19.729067,21,8,6,
potatolondon/djangae,no alerts,2024-10-01 08:41:32.530067,0,0,0,
gforcada/flake8-isort,no alerts,2024-10-01 08:41:41.928618,0,0,0,
ceph/s3-tests,alerts,2024-10-01 08:42:05.927114,0,0,0,
PokeAPI/pokeapi,alerts,2024-10-01 08:42:49.677734,19,9,3,
blond-admin/BLonD,no alerts,2024-10-01 08:43:04.212989,0,0,0,
luci/recipes-py,alerts,2024-10-01 08:44:28.507273,65,44,10,
cupy/cupy,no alerts,2024-10-01 08:44:59.598893,0,0,0,
tensorflow/tfx,no alerts,2024-10-01 08:47:22.519438,0,0,0,
oss/shrunk,alerts,2024-10-01 08:47:54.902378,21,11,6,
scrapy/w3lib,no alerts,2024-10-01 08:47:58.098793,0,0,0,
datajoint/datajoint-python,alerts,2024-10-01 08:48:38.848323,41,15,7,
openstack/tacker,no alerts,2024-10-01 08:49:14.765337,0,0,0,
googlefonts/gftools,alerts,2024-10-01 08:49:53.771245,64,43,8,
kobotoolbox/kpi,no alerts,2024-10-01 08:50:34.628791,0,0,0,
couchbase/couchbase-cli,alerts,2024-10-01 08:51:04.021193,68,15,7,
faucetsdn/faucet,no alerts,2024-10-01 08:51:27.784503,0,0,0,
exaile/exaile,no alerts,2024-10-01 08:52:17.176983,0,0,0,
posativ/isso,no alerts,2024-10-01 08:52:22.365285,0,0,0,
openstack/barbican,no alerts,2024-10-01 08:52:29.090312,0,0,0,
AnalogJ/lexicon,alerts,2024-10-01 08:53:07.969171,38,29,8,
mozilla/addons-server,alerts,2024-10-01 09:25:03.863675,291,191,14,
DreamSourceLab/DSView,alerts,2024-10-01 09:27:38.481548,344,130,13,
dpgaspar/Flask-AppBuilder,alerts,2024-10-01 09:29:29.498445,75,44,7,
neo4j/neo4j-python-driver,alerts,2024-10-01 09:31:26.941983,44,23,6,
CoherentLabs/depot_tools,alerts,2024-10-01 09:33:32.618419,104,46,9,
Tribler/tribler,alerts,2024-10-01 09:35:36.240717,101,42,5,
vitalik/django-ninja,alerts,2024-10-01 09:36:12.157553,13,10,2,
OCA/contract,no alerts,2024-10-01 09:36:22.441786,0,0,0,
angr/claripy,no alerts,2024-10-01 09:36:28.008948,0,0,0,
architecture-building-systems/CityEnergyAnalyst,alerts,2024-10-01 09:45:49.233754,386,118,10,
openstack/magnum,no alerts,2024-10-01 09:45:58.140550,0,0,0,
weblyzard/weblyzard_api,alerts,2024-10-01 09:46:26.465251,56,28,9,
spulec/moto,no alerts,2024-10-01 09:46:52.075314,0,0,0,
genenetwork/genenetwork2,alerts,2024-10-01 09:50:41.621708,192,74,12,
pydata/xarray,no alerts,2024-10-01 09:51:02.994664,0,0,0,
ganga-devs/ganga,no alerts,2024-10-01 09:51:19.919462,0,0,0,
openwisp/ansible-openwisp2,no alerts,2024-10-01 09:51:29.583680,0,0,0,
fedspendingtransparency/data-act-broker-backend,alerts,2024-10-01 09:54:55.491031,220,67,11,
weewx/weewx,alerts,2024-10-01 09:56:08.787382,148,53,10,
GNS3/gns3-registry,alerts,2024-10-01 09:56:22.106716,11,6,4,
XLSForm/pyxform,no alerts,2024-10-01 09:56:30.855786,0,0,0,
LinuxCNC/linuxcnc,alerts,2024-10-01 10:11:45.473144,1054,307,17,
zstackio/zstack-utility,alerts,2024-10-01 10:22:46.432648,265,96,13,
ansible/ansible-lint,alerts,2024-10-01 10:23:21.471267,53,26,3,
python-jsonschema/jsonschema,no alerts,2024-10-01 10:23:25.748143,0,0,0,
alphagov/notifications-utils,alerts,2024-10-01 10:23:47.958365,36,16,3,
box/box-python-sdk,alerts,2024-10-01 10:24:44.432186,59,28,1,
edx/edx-proctoring,alerts,2024-10-01 10:25:13.377267,31,13,2,
danforthcenter/plantcv,no alerts,2024-10-01 10:26:53.243678,0,0,0,
cgre-aachen/gempy,no alerts,2024-10-01 10:28:36.017266,0,0,0,
OCA/reporting-engine,alerts,2024-10-01 10:29:23.203194,42,38,4,
cython/cython,no alerts,2024-10-01 10:29:45.002983,0,0,0,
ansible/ansible,alerts,2024-10-01 10:44:25.479863,790,257,13,
google/jax,no alerts,2024-10-01 10:44:56.176882,0,0,0,
google/flax,no alerts,2024-10-01 10:45:04.511934,0,0,0,
Normation/ncf,alerts,2024-10-01 10:45:15.394933,3,2,2,
metabrainz/listenbrainz-server,alerts,2024-10-01 10:47:34.486519,317,138,9,
json-schema-org/JSON-Schema-Test-Suite,no alerts,2024-10-01 10:47:42.227268,0,0,0,
scopatz/regolith,alerts,2024-10-01 10:48:22.837322,141,54,10,
sosreport/sos,no alerts,2024-10-01 10:48:30.762418,0,0,0,
frappe/frappe,no alerts,2024-10-01 10:50:00.796455,0,0,0,
apache/bigtop,alerts,2024-10-01 10:50:25.789963,6,4,3,
sqlalchemy/sqlalchemy,alerts,2024-10-01 11:10:21.027278,290,113,15,
ultrabug/py3status,no alerts,2024-10-01 11:10:26.807749,0,0,0,
google/nsscache,alerts,2024-10-01 11:10:44.895640,12,5,4,
marshmallow-code/apispec,alerts,2024-10-01 11:10:56.489428,3,2,1,
bit-bots/bitbots_behaviour,alerts,2024-10-01 11:11:10.701064,38,19,3,
pytest-dev/pytest-xdist,alerts,2024-10-01 11:11:24.118862,7,3,2,
sloria/webargs,alerts,2024-10-01 11:11:39.002251,1,1,1,
jobovy/galpy,no alerts,2024-10-01 11:11:49.982685,0,0,0,
ECP-CANDLE/Benchmarks,alerts,2024-10-01 11:13:55.290930,170,82,8,
rpm-software-management/rpmlint,no alerts,2024-10-01 11:14:05.852504,0,0,0,
Juniper/py-junos-eznc,alerts,2024-10-01 11:14:39.333773,67,28,9,
cantools/cantools,alerts,2024-10-01 11:15:12.251987,64,21,7,
delmic/odemis,alerts,2024-10-01 11:24:48.706034,906,238,14,
kobotoolbox/kobocat,alerts,2024-10-01 11:25:52.856542,78,52,12,
WikipediaLibrary/TWLight,no alerts,2024-10-01 11:27:01.594743,0,0,0,
demisto/content,alerts,2024-10-01 16:05:35.953377,6793,2115,16,
progrium/pyjwt,alerts,2024-10-01 16:05:52.457019,9,6,3,
mkdocs/mkdocs,no alerts,2024-10-01 16:06:02.698339,0,0,0,
tryton/purchase,alerts,2024-10-01 16:06:13.307454,2,1,1,
GoogleCloudPlatform/professional-services,no alerts,2024-10-01 16:07:53.271187,0,0,0,
ranger/ranger,no alerts,2024-10-01 16:07:57.867096,0,0,0,
astanin/python-tabulate,alerts,2024-10-01 16:08:08.478326,7,1,1,
Netflix/lemur,no alerts,2024-10-01 16:08:13.973064,0,0,0,
unioslo/cerebrum,no alerts,2024-10-01 16:08:29.687204,0,0,0,
metomi/rose,alerts,2024-10-01 16:09:31.541503,103,49,9,
Ultimaker/Cura,no alerts,2024-10-03 16:29:43.065853,0,0,0,
lxc/pylxd,no alerts,2024-10-03 16:30:01.162994,0,0,0,
pytest-dev/pytest,no alerts,2024-10-03 16:30:14.204113,0,0,0,
saulpw/visidata,no alerts,2024-10-03 16:30:30.892439,0,0,0,
nltk/nltk,no alerts,2024-10-03 16:31:01.673807,0,0,0,
openSUSE/kernel-source,alerts,2024-10-03 17:07:13.865126,33,17,9,
googlefonts/glyphsLib,alerts,2024-10-03 17:08:08.575356,33,17,5,
cltk/cltk,alerts,2024-10-03 17:10:34.457611,167,86,15,
StevenBlack/hosts,alerts,2024-10-03 17:17:29.150838,9,3,3,
tobgu/pyrsistent,no alerts,2024-10-03 17:17:32.779481,0,0,0,
geopandas/geopandas,no alerts,2024-10-03 17:17:48.056913,0,0,0,
NeoVintageous/NeoVintageous,alerts,2024-10-03 17:19:12.607614,88,35,9,
ROCmSoftwarePlatform/Tensile,no alerts,2024-10-03 17:19:37.770308,0,0,0,
ClearcodeHQ/pytest-postgresql,alerts,2024-10-03 17:19:48.261456,0,0,0,
girder/girder,no alerts,2024-10-03 17:19:57.141633,0,0,0,
pyproj4/pyproj,no alerts,2024-10-03 17:21:48.520669,0,0,0,
secdev/scapy,no alerts,2024-10-03 17:22:08.901909,0,0,0,
liqd/adhocracy4,no alerts,2024-10-03 17:22:13.751121,0,0,0,
scikit-learn/scikit-learn,alerts,2024-10-03 17:38:29.184658,307,158,10,
pallets/jinja,alerts,2024-10-03 17:39:13.451678,29,16,7,
radio-astro-tools/spectral-cube,alerts,2024-10-03 17:40:21.791976,46,16,6,
agdsn/sipa,no alerts,2024-10-03 17:40:27.733151,0,0,0,
datactive/bigbang,no alerts,2024-10-03 17:40:50.413660,0,0,0,
wevote/WeVoteServer,alerts,2024-10-03 17:53:37.961323,1219,241,15,
buildbot/buildbot,alerts,2024-10-03 17:59:13.057531,189,113,7,
KC3Kai/kc3-translations,alerts,2024-10-03 17:59:40.186311,6,2,2,
eth-cscs/production,alerts,2024-10-03 17:59:57.431396,43,16,6,
cloudfoundry/php-buildpack,alerts,2024-10-03 18:00:30.981293,57,19,9,
python-rope/rope,no alerts,2024-10-03 18:00:39.595061,0,0,0,
joke2k/faker,no alerts,2024-10-03 18:00:45.259094,0,0,0,
PyTables/PyTables,alerts,2024-10-03 18:02:15.691689,125,56,14,
KDE/kajongg,alerts,2024-10-03 18:02:44.086717,55,22,3,
more-itertools/more-itertools,alerts,2024-10-03 18:02:56.451329,4,2,2,
SublimeText-Markdown/MarkdownEditing,alerts,2024-10-03 18:03:08.521415,11,5,3,
coopengo/tryton,alerts,2024-10-03 18:24:03.682185,363,181,13,
gboeing/osmnx,no alerts,2024-10-03 18:24:08.447894,0,0,0,
hydroshare/hydroshare,no alerts,2024-10-03 18:25:22.085417,0,0,0,
mozilla-releng/scriptworker,alerts,2024-10-03 18:25:39.556197,21,7,3,
Azure/WALinuxAgent,alerts,2024-10-03 18:26:53.312029,174,62,8,
bleachbit/bleachbit,no alerts,2024-10-03 18:27:00.353086,0,0,0,
pulp/pulp_python,no alerts,2024-10-03 18:27:03.511849,0,0,0,
SickGear/SickGear,no alerts,2024-10-03 18:27:25.122953,0,0,0,
NeuralEnsemble/python-neo,alerts,2024-10-03 18:29:02.157259,221,84,9,
qutip/qutip,no alerts,2024-10-03 18:29:22.372015,0,0,0,
bit-team/backintime,alerts,2024-10-03 18:29:50.592029,78,25,9,
brython-dev/brython,alerts,2024-10-03 18:49:01.342393,580,256,15,
ministryofjustice/cla_public,no alerts,2024-10-03 18:49:06.442531,0,0,0,
spdx/tools-python,alerts,2024-10-03 18:49:42.407555,160,88,4,
OpenDroneMap/OpenDroneMap,alerts,2024-10-03 18:50:15.485967,188,65,8,
alphagov/digitalmarketplace-buyer-frontend,alerts,2024-10-03 18:50:35.691961,20,8,5,
beetbox/beets,no alerts,2024-10-03 18:50:46.612224,0,0,0,
edx/edx-analytics-dashboard,alerts,2024-10-03 18:51:13.794211,39,18,2,
pyupio/safety,no alerts,2024-10-03 18:51:17.497286,0,0,0,
tryton/account,alerts,2024-10-03 18:51:33.827115,11,5,4,
softlayer/softlayer-python,alerts,2024-10-03 18:53:13.029409,228,124,4,
kubeflow/pipelines,alerts,2024-10-03 19:01:24.646801,837,368,13,
Fizzadar/pyinfra,no alerts,2024-10-03 19:01:32.782617,0,0,0,
saltstack/salt,no alerts,2024-10-03 19:03:49.222906,0,0,0,
missionpinball/mpf,no alerts,2024-10-03 19:04:04.977412,0,0,0,
qutebrowser/qutebrowser,no alerts,2024-10-03 19:04:22.602622,0,0,0,
QuantEcon/QuantEcon.py,no alerts,2024-10-03 19:04:29.787705,0,0,0,
hpcugent/easybuild-framework,alerts,2024-10-03 19:06:21.862519,293,114,10,
StackStorm/st2,alerts,2024-10-03 19:11:34.304589,192,111,9,
CamDavidsonPilon/lifelines,no alerts,2024-10-03 19:11:47.862846,0,0,0,
uw-it-aca/myuw,no alerts,2024-10-03 19:11:56.826726,0,0,0,
airspeed-velocity/asv,no alerts,2024-10-03 19:12:00.895547,0,0,0,
pytest-dev/pyfakefs,no alerts,2024-10-03 19:12:06.093089,0,0,0,
GNOME/meld,no alerts,2024-10-03 19:12:14.098890,0,0,0,
onnx/onnx,no alerts,2024-10-03 19:12:28.337930,0,0,0,
EnergieID/entsoe-py,alerts,2024-10-03 19:12:38.992738,9,6,2,
openrazer/openrazer,alerts,2024-10-03 19:13:00.922697,83,41,7,
PyCQA/astroid,no alerts,2024-10-03 19:13:07.655050,0,0,0,
openstack/nova,no alerts,2024-10-03 19:14:29.327125,0,0,0,
stevearc/pypicloud,no alerts,2024-10-03 19:14:32.626502,0,0,0,
jadolg/rocketchat_API,no alerts,2024-10-03 19:14:35.343077,0,0,0,
PyCQA/pylint,no alerts,2024-10-03 19:14:48.976064,0,0,0,
catalyst-cooperative/pudl,alerts,2024-10-03 19:17:45.247941,93,48,5,
geopython/pycsw,no alerts,2024-10-03 19:17:51.342634,0,0,0,
PMEAL/OpenPNM,no alerts,2024-10-03 19:19:46.747682,0,0,0,
WeblateOrg/weblate,no alerts,2024-10-03 19:32:54.637214,0,0,0,
rdo-infra/ci-config,alerts,2024-10-03 19:33:18.227894,25,18,6,
libAtoms/matscipy,no alerts,2024-10-03 19:33:54.178137,0,0,0,
has2k1/plotnine,no alerts,2024-10-03 19:34:36.093152,0,0,0,
romgar/django-dirtyfields,alerts,2024-10-03 19:34:45.303346,2,1,1,
deepmind/optax,no alerts,2024-10-03 19:34:49.603124,0,0,0,
apache/qpid-dispatch,alerts,2024-10-03 19:35:36.369320,76,22,8,
splunk/splunk-sdk-python,alerts,2024-10-03 19:36:14.037915,40,11,5,
onepercentclub/bluebottle,no alerts,2024-10-03 19:36:34.864814,0,0,0,
Rapptz/discord.py,no alerts,2024-10-03 19:36:42.878132,0,0,0,
osm-fr/osmose-backend,alerts,2024-10-03 19:39:53.983218,595,156,11,
jazzband/django-axes,alerts,2024-10-03 19:40:06.403291,10,2,1,
SasView/sasview,alerts,2024-10-03 19:42:53.683359,354,139,16,
conda-forge/staged-recipes,alerts,2024-10-03 19:43:36.564925,11,5,4,
django-helpdesk/django-helpdesk,alerts,2024-10-03 19:44:03.738514,71,35,8,
astropy/photutils,no alerts,2024-10-03 19:44:17.593175,0,0,0,
tornadoweb/tornado,no alerts,2024-10-03 19:44:23.377495,0,0,0,
CumulusNetworks/ifupdown2,no alerts,2024-10-03 19:44:27.332935,0,0,0,
lektor/lektor,no alerts,2024-10-03 19:44:32.808476,0,0,0,
gitpython-developers/GitPython,alerts,2024-10-03 19:44:59.565865,78,28,8,
yashaka/selene,no alerts,2024-10-03 19:45:11.183350,0,0,0,
kelvins/Algoritmos-e-Estruturas-de-Dados,alerts,2024-10-03 22:04:22.212508,5,2,2,
wee-slack/wee-slack,alerts,2024-10-03 22:04:49.961895,45,16,8,
DjangoGirls/djangogirls,no alerts,2024-10-03 22:05:09.333394,0,0,0,
joerick/pyinstrument,no alerts,2024-10-03 22:05:12.908827,0,0,0,
googleapis/google-api-python-client,alerts,2024-10-03 22:07:31.371751,26,15,6,
pycurl/pycurl,alerts,2024-10-03 22:07:57.034957,38,17,6,
mollie/mollie-api-python,alerts,2024-10-03 22:08:18.943576,49,34,3,
pycontribs/jira,no alerts,2024-10-03 22:08:23.245826,0,0,0,
Tuxemon/Tuxemon,no alerts,2024-10-03 22:09:29.910516,0,0,0,
PyThaiNLP/pythainlp,no alerts,2024-10-03 22:09:50.481441,0,0,0,
jaraco/irc,no alerts,2024-10-03 22:09:58.111254,0,0,0,
mvo5/unattended-upgrades,alerts,2024-10-03 22:10:21.520858,1,1,1,
aerospike/aerospike-client-python,alerts,2024-10-03 22:11:53.969944,98,64,4,
openego/eTraGo,no alerts,2024-10-03 22:12:20.872944,0,0,0,
PaddlePaddle/models,alerts,2024-10-03 22:16:40.559518,449,208,13,
ONSdigital/ras-frontstage,alerts,2024-10-03 22:17:08.715154,68,29,5,
AMDmi3/repology,no alerts,2024-10-03 22:17:17.292396,0,0,0,
SciTools/cartopy,alerts,2024-10-03 22:18:17.700155,23,10,8,
tjcsl/ion,alerts,2024-10-03 22:21:57.345685,407,209,6,
dpinney/omf,no alerts,2024-10-03 22:29:05.103497,0,0,0,
evansd/whitenoise,alerts,2024-10-03 22:29:16.537374,2,1,1,
IBM-Security/ibmsecurity,no alerts,2024-10-03 22:29:19.970030,0,0,0,
openstack/kolla,no alerts,2024-10-03 22:29:26.856182,0,0,0,
pyfa-org/Pyfa,no alerts,2024-10-03 22:33:03.105236,0,0,0,
pallets/werkzeug,alerts,2024-10-03 22:33:45.619451,42,27,7,
crossbario/autobahn-python,alerts,2024-10-03 22:35:23.532658,260,104,10,
ewels/MultiQC,no alerts,2024-10-03 22:35:36.769385,0,0,0,
mosquito/aio-pika,alerts,2024-10-03 22:35:54.181784,8,6,2,
angr/angr,no alerts,2024-10-03 22:36:14.141131,0,0,0,
pyocd/pyOCD,no alerts,2024-10-03 22:36:26.364033,0,0,0,
altair-viz/altair,no alerts,2024-10-03 22:36:39.697549,0,0,0,
CompassionCH/compassion-modules,alerts,2024-10-03 22:38:07.178277,84,65,7,
OCA/l10n-spain,alerts,2024-10-03 22:39:07.489914,42,41,6,
dmlc/tvm,alerts,2024-10-04 00:03:36.836321,490,285,9,
google/riscv-dv,alerts,2024-10-04 00:03:48.797392,10,3,3,
dnanexus/dx-toolkit,alerts,2024-10-04 00:04:57.521984,203,60,10,
python/pythondotorg,alerts,2024-10-04 00:06:11.196522,189,120,9,
litex-hub/linux-on-litex-vexriscv,alerts,2024-10-04 00:06:21.795253,9,3,3,
wikimedia/pywikibot-core,alerts,2024-10-04 00:09:07.609713,167,74,8,
cloudtools/troposphere,no alerts,2024-10-04 00:09:11.950614,0,0,0,
edx/edx-enterprise,alerts,2024-10-04 00:13:51.458489,505,295,5,
sibis-platform/ncanda-data-integration,alerts,2024-10-04 00:14:19.868234,98,47,12,
coleifer/peewee,no alerts,2024-10-04 00:14:26.008948,0,0,0,
openstack/neutron,no alerts,2024-10-04 00:15:19.798217,0,0,0,
jupyterhub/kubespawner,no alerts,2024-10-04 00:15:23.278522,0,0,0,
learningequality/kolibri,no alerts,2024-10-04 00:16:08.181680,0,0,0,
google/BIG-bench,alerts,2024-10-04 00:34:13.637317,116,44,7,
streamlink/streamlink,alerts,2024-10-04 00:36:10.163630,226,115,8,
celery/kombu,no alerts,2024-10-04 00:36:16.492945,0,0,0,
smarthomeNG/smarthome,alerts,2024-10-04 00:38:04.531578,361,86,15,
jupyter/nbgrader,no alerts,2024-10-04 00:38:13.332551,0,0,0,
rpm-software-management/mock,alerts,2024-10-04 00:38:34.890909,54,24,9,
lmcinnes/umap,no alerts,2024-10-04 00:38:51.223374,0,0,0,
josephmisiti/awesome-machine-learning,no alerts,2024-10-04 00:38:59.404425,0,0,0,
GNS3/gns3-gui,alerts,2024-10-04 00:46:20.444805,386,154,10,
rsheftel/pandas_market_calendars,no alerts,2024-10-04 00:46:23.840271,0,0,0,
pysmt/pysmt,no alerts,2024-10-04 00:46:28.072008,0,0,0,
google/timesketch,no alerts,2024-10-04 00:47:02.893432,0,0,0,
ktbyers/netmiko,no alerts,2024-10-04 00:47:08.073746,0,0,0,
GerritCodeReview/git-repo,alerts,2024-10-04 00:47:40.732630,47,23,4,
ralphbean/bugwarrior,no alerts,2024-10-04 00:47:44.650236,0,0,0,
openstack/glance,no alerts,2024-10-04 00:47:55.072150,0,0,0,
pypa/setuptools,no alerts,2024-10-04 00:48:08.326074,0,0,0,
dls-controls/pymalcolm,alerts,2024-10-04 00:49:39.957908,33,23,7,
unitedstates/congress-legislators,alerts,2024-10-04 00:50:17.770674,68,26,5,
cloudify-cosmo/cloudify-system-tests,alerts,2024-10-04 00:50:34.483450,0,0,0,
pandas-dev/pandas,no alerts,2024-10-04 00:52:03.380445,0,0,0,
coddingtonbear/python-myfitnesspal,alerts,2024-10-04 00:52:13.474915,7,2,2,
Azure/azure-linux-extensions,alerts,2024-10-04 00:56:02.553241,638,204,15,
YunoHost/yunohost,alerts,2024-10-04 00:56:38.298887,136,42,10,
pydata/numexpr,no alerts,2024-10-04 09:03:44.384409,0,0,0,
aio-libs/aiomysql,no alerts,2024-10-04 09:03:47.099307,0,0,0,
Keeper-Security/Commander,alerts,2024-10-04 09:05:47.105601,487,121,12,
thingsboard/thingsboard-gateway,alerts,2024-10-04 09:06:30.638402,270,86,11,
artisan-roaster-scope/artisan,alerts,2024-10-04 09:11:49.872484,286,77,7,
pylast/pylast,alerts,2024-10-04 09:12:02.774943,3,1,1,
pimutils/khal,no alerts,2024-10-04 09:12:05.005061,0,0,0,
astropy/astropy,no alerts,2024-10-04 09:12:06.718997,0,0,0,
pytest-dev/pytest-mock,alerts,2024-10-04 09:12:17.962713,0,0,0,
huggingface/transformers,alerts,2024-10-04 10:52:16.046528,3815,1157,15,
projectatomic/atomic-reactor,alerts,2024-10-04 10:52:49.288899,26,20,5,
Yelp/paasta,no alerts,2024-10-04 10:52:54.841283,0,0,0,
Kaggle/docker-python,alerts,2024-10-04 10:53:09.995618,10,2,2,
daltonserey/tst,no alerts,2024-10-04 10:53:11.640430,0,0,0,
MSLNZ/msl-qt,alerts,2024-10-04 10:53:23.732244,26,14,5,
KarolBedkowski/webmon,alerts,2024-10-04 10:53:37.060073,1,0,0,
0--key/org-pub,no alerts,2024-10-04 10:53:42.631115,0,0,0,
MSLNZ/msl-equipment,alerts,2024-10-04 10:54:34.625240,152,68,10,
veltzer/scrapers,alerts,2024-10-04 10:54:43.564753,6,4,1,
bburns/PyVoyager,alerts,2024-10-04 10:54:49.808794,2,1,1,
argilo/contest-sdr,alerts,2024-10-04 10:54:58.403834,27,10,3,
syncom/twitbot-iwpt,alerts,2024-10-04 10:55:04.615723,1,1,1,
desecho/django-tqdm,alerts,2024-10-04 10:55:11.078982,1,0,0,
pentandra/account_us,no alerts,2024-10-04 10:55:17.324726,0,0,0,
deragon/autopoweroff,alerts,2024-10-04 10:55:23.851182,9,5,2,
ebrahimraeyat/civilTools,alerts,2024-10-04 10:56:42.284472,172,72,11,
felixonmars/archlinux-futils,no alerts,2024-10-04 10:56:47.894278,0,0,0,
skoolkid/skoolkit,no alerts,2024-10-04 10:56:49.331330,0,0,0,
henla464/WiRoc-Python-2,alerts,2024-10-04 10:57:10.467301,126,37,8,
zhanglintc/auto-commit,alerts,2024-10-04 10:57:17.432575,4,2,2,
jpmml/sklearn2pmml,no alerts,2024-10-04 10:57:19.062364,0,0,0,
jwlynch/irc-subst,no alerts,2024-10-04 10:57:20.534894,0,0,0,
Micronaet/micronaet-bom,alerts,2024-10-04 10:57:44.569668,116,77,8,
raohmaru/CFC,alerts,2024-10-04 10:57:56.062231,64,25,7,
dpazel/music_rep,alerts,2024-10-04 10:58:41.028485,204,70,10,
warwick-one-metre/opsd,alerts,2024-10-04 10:59:12.045252,183,87,5,
warwick-one-metre/pipelined,alerts,2024-10-04 10:59:17.914109,1,0,0,
veltzer/pyawskit,no alerts,2024-10-04 10:59:19.508850,0,0,0,
Micronaet/micronaet-mx,alerts,2024-10-04 10:59:39.049323,101,53,6,
egdman/neat-lite,alerts,2024-10-04 10:59:48.343136,9,6,4,
tylert/freq-lists,alerts,2024-10-04 10:59:54.584695,2,1,1,
s390guy/SATK,alerts,2024-10-04 11:00:37.351062,197,65,10,
AKAMEDIASYSTEM/fixture_server,alerts,2024-10-04 11:00:43.484074,3,3,2,
veltzer/pytsv,no alerts,2024-10-04 11:00:45.147757,0,0,0,
clchiou/garage,alerts,2024-10-04 11:01:51.354713,31,25,4,
tylert/wall-calendar-core,alerts,2024-10-04 11:01:57.176042,2,1,1,
sio/potyarkin.ml,no alerts,2024-10-04 11:01:58.758057,0,0,0,
veltzer/pycmdtools,no alerts,2024-10-04 11:02:00.281421,0,0,0,
eel3/eel3-scripts,no alerts,2024-10-04 11:02:05.719294,0,0,0,
googleapis/python-cloudbuild,no alerts,2024-10-04 11:02:11.068411,0,0,0,
facebookresearch/detectron2,no alerts,2024-10-04 11:02:12.510157,0,0,0,
googleapis/python-billing,no alerts,2024-10-04 11:02:17.889292,0,0,0,
googleapis/python-appengine-admin,no alerts,2024-10-04 11:02:23.219982,0,0,0,
eaobservatory/hedwig,alerts,2024-10-04 11:03:05.958186,96,38,9,
googleapis/storage-testbench,alerts,2024-10-04 11:03:21.098159,16,7,4,
GoogleCloudPlatform/public-datasets-pipelines,alerts,2024-10-04 11:04:48.665093,480,256,9,
ansible/ansible-compat,alerts,2024-10-04 11:04:57.316068,3,2,1,
bsobotka/amv_tracker,no alerts,2024-10-04 11:04:58.959219,0,0,0,
google/init2winit,no alerts,2024-10-04 11:05:00.512303,0,0,0,
davidorlea/homeassistant-config,alerts,2024-10-04 11:05:17.618525,56,19,5,
fishilico/shared,alerts,2024-10-04 11:05:54.588209,183,52,10,
istvanzk/rpicampy,alerts,2024-10-04 11:06:03.371734,27,7,6,
googleapis/python-dialogflow-cx,no alerts,2024-10-04 11:06:08.893364,0,0,0,
googleapis/python-domains,no alerts,2024-10-04 11:06:14.271272,0,0,0,
fjfnaranjo/fjfnaranjo-bot,alerts,2024-10-04 11:06:23.826056,3,3,3,
googleapis/python-os-config,no alerts,2024-10-04 11:06:29.331051,0,0,0,
Micronaet/micronaet-trip,not cloned,2024-10-04 11:15:58.796374,0,0,0,
henrysky/astroNN,alerts,2024-10-04 11:16:23.103207,52,20,7,
googleapis/python-binary-authorization,no alerts,2024-10-04 11:16:29.388370,0,0,0,
oreillyross/developer-notes,alerts,2024-10-04 11:16:36.311777,3,2,2,
googleapis/python-service-usage,no alerts,2024-10-04 11:16:42.045874,0,0,0,
deepmind/envlogger,no alerts,2024-10-04 11:16:43.702129,0,0,0,
Sebelino/pyromhackit,no alerts,2024-10-04 11:16:45.203754,0,0,0,
cgohlke/tifffile,no alerts,2024-10-04 11:16:46.808337,0,0,0,
googleapis/python-dataflow-client,no alerts,2024-10-04 11:16:52.700990,0,0,0,
wolfmanjm/kivy-smoothie-host,alerts,2024-10-04 11:17:09.964953,85,25,8,
googleapis/proto-breaking-change-detector,alerts,2024-10-04 11:17:22.193790,15,7,4,
googleapis/python-org-policy,alerts,2024-10-04 11:17:43.002827,14,11,2,
googleapis/python-eventarc,no alerts,2024-10-04 11:17:49.200515,0,0,0,
ornlneutronimaging/iBeatles,not cloned,2024-10-04 11:19:08.697591,0,0,0,
googleapis/python-security-private-ca,no alerts,2024-10-04 11:19:15.501915,0,0,0,
GoogleCloudPlatform/cloud-sql-python-connector,alerts,2024-10-04 11:19:27.527569,9,4,2,
awsteiner/o2sclpy,no alerts,2024-10-04 11:19:29.373388,0,0,0,
bachya/regenmaschine,no alerts,2024-10-04 11:19:31.146397,0,0,0,
kianby/stacosys,alerts,2024-10-04 11:19:40.136601,2,2,1,
libyal/winreg-kb,alerts,2024-10-04 11:19:55.692157,22,14,4,
googleapis/python-data-qna,no alerts,2024-10-04 11:20:02.032791,0,0,0,
googleapis/python-db-dtypes-pandas,alerts,2024-10-04 11:20:15.287461,3,3,1,
googleapis/python-retail,no alerts,2024-10-04 11:20:21.510225,0,0,0,
homeworkprod/weitersager,alerts,2024-10-04 11:20:30.915001,0,0,0,
MSLNZ/msl-loadlib,alerts,2024-10-04 11:20:48.331533,27,14,4,
BeatButton/beattie,alerts,2024-10-04 11:21:02.329460,10,7,3,
googleapis/python-service-control,no alerts,2024-10-04 11:21:08.907777,0,0,0,
georgeouzou/survgr,no alerts,2024-10-04 11:21:10.753412,0,0,0,
shawnbrown/gpn,alerts,2024-10-04 11:21:31.320347,20,8,6,
hartwork/wnpp.debian.net,no alerts,2024-10-04 11:21:33.535905,0,0,0,
klahnakoski/mo-dots,alerts,2024-10-04 11:21:44.576958,21,8,3,
terzeron/FeedMakerApplications,alerts,2024-10-04 11:22:01.101474,89,61,3,
kurtmckee/listparser,alerts,2024-10-04 11:22:08.821910,4,2,2,
googleapis/python-contact-center-insights,no alerts,2024-10-04 11:22:14.692785,0,0,0,
googleapis/python-network-security,no alerts,2024-10-04 11:22:20.628384,0,0,0,
GoogleCloudPlatform/cloud-data-quality,alerts,2024-10-04 11:22:35.440369,18,8,4,
asphalt-framework/asphalt,alerts,2024-10-04 11:22:48.934111,8,4,3,
kurgm/gwv,no alerts,2024-10-04 11:22:50.743276,0,0,0,
googleapis/python-dms,no alerts,2024-10-04 11:22:56.838229,0,0,0,
bohdon/maya-pulse,alerts,2024-10-04 11:23:28.000994,167,67,12,
muyun/muyun.github.io,no alerts,2024-10-04 11:23:30.003215,0,0,0,
wjassim/WARP-Q,alerts,2024-10-04 11:23:45.104682,4,1,1,
googleapis/python-video-transcoder,no alerts,2024-10-04 11:23:55.800771,0,0,0,
djotaku/ELDonationTracker,no alerts,2024-10-04 11:23:57.436543,0,0,0,
jonathancone/pyleup,no alerts,2024-10-04 11:23:59.125485,0,0,0,
googleapis/python-shell,no alerts,2024-10-04 11:24:05.121089,0,0,0,
voussoir/etiquette,no alerts,2024-10-04 11:24:06.684044,0,0,0,
googleapis/python-life-sciences,no alerts,2024-10-04 11:24:12.242540,0,0,0,
googleapis/python-dataproc-metastore,no alerts,2024-10-04 11:24:17.977241,0,0,0,
mikacousin/olc,alerts,2024-10-04 11:24:36.458768,16,9,3,
klahnakoski/mo-logs,alerts,2024-10-04 11:24:47.957031,24,11,3,
jwodder/linesep,alerts,2024-10-04 11:24:55.576800,2,1,1,
googleapis/python-media-translation,no alerts,2024-10-04 11:25:01.750206,0,0,0,
ilius/starcal,no alerts,2024-10-04 11:25:03.369836,0,0,0,
googleapis/python-workflows,no alerts,2024-10-04 11:25:09.325658,0,0,0,
cryoem/pydusa-feedstock,alerts,2024-10-04 11:25:16.962950,1,1,1,
evanepio/dotmanca,alerts,2024-10-04 11:25:32.112295,35,31,3,
googleapis/python-channel,no alerts,2024-10-04 11:25:38.581023,0,0,0,
nikitanovosibirsk/vedro,no alerts,2024-10-04 11:25:40.286022,0,0,0,
garcia/simfile,no alerts,2024-10-04 11:25:42.072364,0,0,0,
googleapis/python-analytics-data,no alerts,2024-10-04 11:25:49.481782,0,0,0,
googleapis/python-resource-settings,no alerts,2024-10-04 11:25:55.540828,0,0,0,
googleapis/python-datastream,no alerts,2024-10-04 11:26:01.774002,0,0,0,
googleapis/python-bigquery-connection,no alerts,2024-10-04 11:26:07.665518,0,0,0,
googleapis/python-debugger-client,no alerts,2024-10-04 11:37:17.704587,0,0,0,
googleapis/python-assured-workloads,no alerts,2024-10-04 11:37:26.942531,0,0,0,
DLRSP/django-sp,alerts,2024-10-04 11:37:40.244369,10,5,3,
googleapis/python-recommendations-ai,no alerts,2024-10-04 11:37:50.137743,0,0,0,
lifeisstillgood/softwaremind,not cloned,2024-10-04 11:38:02.279794,0,0,0,
adamchainz/ec2-metadata,alerts,2024-10-04 11:38:16.364704,0,0,0,
googleapis/python-api-gateway,no alerts,2024-10-04 11:38:26.282566,0,0,0,
googleapis/python-tpu,no alerts,2024-10-04 11:38:35.601934,0,0,0,
Yepoleb/gogdb,no alerts,2024-10-04 11:38:44.914735,0,0,0,
cpalmer718/statgen-mi,alerts,2024-10-04 11:39:02.504991,1,1,1,
nstoik/farm_monitor,alerts,2024-10-04 11:39:34.859662,10,8,1,
googleapis/python-service-management,no alerts,2024-10-04 11:39:48.366160,0,0,0,
googleapis/python-storage-transfer,no alerts,2024-10-04 11:40:01.010232,0,0,0,
agurfinkel/brunch,no alerts,2024-10-04 11:40:07.211233,0,0,0,
bryanforbes/Erasmus,no alerts,2024-10-04 11:40:14.692380,0,0,0,
googleapis/python-iap,no alerts,2024-10-04 11:40:27.292056,0,0,0,
ofek/hatch,alerts,2024-10-04 11:42:46.134140,160,79,8,
googleapis/python-compute,no alerts,2024-10-04 11:43:03.046481,0,0,0,
Didero/DideRobot,no alerts,2024-10-04 11:43:07.779423,0,0,0,
simoninireland/simplicial,no alerts,2024-10-04 11:43:11.110881,0,0,0,
praiskup/resalloc,no alerts,2024-10-04 11:43:14.521794,0,0,0,
terzeron/FeedMaker,alerts,2024-10-04 11:43:37.641104,53,18,6,
Splawik/pytigon,alerts,2024-10-04 11:44:29.390834,47,20,11,
dpranke/glop,no alerts,2024-10-04 11:44:32.363681,0,0,0,
googleapis/python-orchestration-airflow,no alerts,2024-10-04 11:44:40.807700,0,0,0,
googleapis/python-billingbudgets,no alerts,2024-10-04 11:44:49.105830,0,0,0,
googleapis/python-artifact-registry,no alerts,2024-10-04 11:44:56.441813,0,0,0,
googleapis/python-source-context,no alerts,2024-10-04 11:45:03.410811,0,0,0,
googleapis/python-deploy,no alerts,2024-10-04 11:45:11.035425,0,0,0,
tadams42/sokoenginepy,alerts,2024-10-04 11:45:31.327275,5,5,3,
googleapis/python-data-fusion,no alerts,2024-10-04 11:45:38.647059,0,0,0,
nocarryr/python-dispatch,alerts,2024-10-04 11:45:54.465732,3,3,3,
google/paxml,alerts,2024-10-04 11:46:37.806258,60,30,8,
googleapis/python-functions,no alerts,2024-10-04 11:46:45.247209,0,0,0,
googleapis/python-video-stitcher,no alerts,2024-10-04 11:46:52.709631,0,0,0,
googleapis/python-gke-hub,no alerts,2024-10-04 11:47:00.925172,0,0,0,
googleapis/python-game-servers,alerts,2024-10-04 11:47:09.653591,2,2,1,
googleapis/python-memcache,no alerts,2024-10-04 11:47:16.949765,0,0,0,
jrsmith3/ibei,alerts,2024-10-04 11:47:25.184903,2,0,0,
googleapis/python-private-catalog,no alerts,2024-10-04 11:47:32.508466,0,0,0,
adamchainz/django-settings-file,no alerts,2024-10-04 11:47:40.902391,0,0,0,
tundish/turberfield-dialogue,alerts,2024-10-04 11:47:54.868188,6,5,2,
googleapis/python-bigquery-migration,no alerts,2024-10-04 11:48:02.809452,0,0,0,
googleapis/python-policy-troubleshooter,no alerts,2024-10-04 11:48:09.572344,0,0,0,
googleapis/python-service-directory,no alerts,2024-10-04 11:48:17.641929,0,0,0,
googleapis/python-bigquery-reservation,no alerts,2024-10-04 11:48:24.752227,0,0,0,
googleapis/python-essential-contacts,no alerts,2024-10-04 11:48:31.716949,0,0,0,
google/deepconsensus,no alerts,2024-10-04 11:49:07.991709,0,0,0,
GoogleCloudPlatform/emblem,alerts,2024-10-04 11:49:30.766671,60,20,7,
deepmind/clrs,no alerts,2024-10-04 11:49:37.530172,0,0,0,
nens/trs,no alerts,2024-10-04 11:49:41.029362,0,0,0,
xvitaly/wloc,alerts,2024-10-04 11:49:50.027240,10,7,2,
googleapis/python-area120-tables,no alerts,2024-10-04 11:49:58.182467,0,0,0,
patrick-brian-mooney/AutoLovecraft-python,no alerts,2024-10-04 11:50:29.970279,0,0,0,
Connor-R/nba_shot_charts,alerts,2024-10-04 11:50:43.732910,6,1,1,
googleapis/python-documentai,no alerts,2024-10-04 11:51:02.955473,0,0,0,
googleapis/python-notebooks,no alerts,2024-10-04 11:51:14.774027,0,0,0,
googleapis/python-gke-connect-gateway,no alerts,2024-10-04 11:51:25.782921,0,0,0,
googleapis/python-recaptcha-enterprise,no alerts,2024-10-04 11:51:38.484064,0,0,0,
pgfoster/p4-phylogenetics,alerts,2024-10-04 11:54:28.393135,232,55,10,
googleapis/python-network-management,no alerts,2024-10-04 11:54:38.840251,0,0,0,
googleapis/python-apigee-connect,no alerts,2024-10-04 11:54:48.179549,0,0,0,
srittau/rouver,no alerts,2024-10-04 11:54:51.679679,0,0,0,
googleapis/python-vpc-access,no alerts,2024-10-04 11:55:01.204718,0,0,0,
googleapis/python-analytics-admin,no alerts,2024-10-04 11:55:12.008848,0,0,0,
EdwardBetts/osm-wikidata,alerts,2024-10-04 11:55:48.979555,36,14,6,
alex/revocation-tracker,no alerts,2024-10-04 11:56:00.263406,0,0,0,
google/praxis,no alerts,2024-10-04 11:56:05.716138,0,0,0,
yugr/Implib.so,no alerts,2024-10-04 11:56:08.964150,0,0,0,
googleapis/python-access-approval,no alerts,2024-10-04 11:56:17.963030,0,0,0,
Josef-Friedrich/audiorename,no alerts,2024-10-04 11:56:21.671614,0,0,0,
googleapis/sphinx-docfx-yaml,alerts,2024-10-04 11:57:26.194430,23,5,5,
Micronaet/micronaet-production,alerts,2024-10-04 11:57:56.292555,78,55,9,
googleapis/python-managed-identities,no alerts,2024-10-04 11:58:06.216993,0,0,0,
googleapis/python-network-connectivity,no alerts,2024-10-04 11:58:15.988204,0,0,0,
rokujyouhitoma/tips,alerts,2024-10-04 11:58:31.435992,12,10,4,
googleapis/python-video-live-stream,no alerts,2024-10-04 11:58:41.149321,0,0,0,
woxcab/scrapy_rss,no alerts,2024-10-04 11:58:44.753062,0,0,0,
nijel/photoblog,no alerts,2024-10-04 11:58:48.108810,0,0,0,
firetools/blenderfds,alerts,2024-10-04 11:59:09.472716,27,18,8,
googleapis/python-pubsublite,alerts,2024-10-04 12:01:24.668519,77,47,5,
homeworkprod/byceps,no alerts,2024-10-04 12:01:41.175009,0,0,0,
mmlacak/crochess,alerts,2024-10-04 12:02:50.728672,73,22,8,
ahitrin/SiebenApp,no alerts,2024-10-04 12:02:58.688018,0,0,0,
hiqsol/quotes,no alerts,2024-10-04 12:03:12.579818,0,0,0,
julien6387/supvisors,no alerts,2024-10-04 12:03:32.027069,0,0,0,
bertrandvidal/parse_this,no alerts,2024-10-04 12:03:35.295819,0,0,0,
patrick-brian-mooney/LibidoMechanica,no alerts,2024-10-04 12:19:02.747509,0,0,0,
adamchainz/flake8-comprehensions,alerts,2024-10-04 12:19:17.273187,4,1,1,
lapisdecor/bzoinq,no alerts,2024-10-04 12:19:21.741731,0,0,0,
googleapis/python-phishingprotection,no alerts,2024-10-04 12:19:32.314350,0,0,0,
cmjatai/cmj,no alerts,2024-10-04 12:20:44.674548,0,0,0,
philgyford/django-ditto,alerts,2024-10-04 12:21:31.868639,36,26,6,
fphammerle/tooncher,no alerts,2024-10-04 12:21:39.001103,0,0,0,
postlund/pyatv,no alerts,2024-10-04 12:21:46.879021,0,0,0,
magenta/midi-ddsp,alerts,2024-10-04 12:22:19.614974,6,3,1,
ForensicArtifacts/artifacts,no alerts,2024-10-04 12:22:24.603333,0,0,0,
google/lightweight_mmm,no alerts,2024-10-04 12:22:33.258316,0,0,0,
mretegan/crispy,alerts,2024-10-04 12:23:15.607347,6,4,3,
adamchainz/pytest-restrict,no alerts,2024-10-04 12:23:29.846065,0,0,0,
dcai/test,no alerts,2024-10-04 12:32:11.653584,0,0,0,
brainix/pottery,no alerts,2024-10-04 12:32:14.947236,0,0,0,
cpn18/track-chart,alerts,2024-10-04 12:33:06.173687,125,52,9,
graphql-python/graphql-core,alerts,2024-10-04 12:34:36.055924,35,18,5,
awacha/cct,no alerts,2024-10-04 12:34:41.476882,0,0,0,
deepmind/xmanager,no alerts,2024-10-04 12:34:49.306709,0,0,0,
googleapis/python-recommender,no alerts,2024-10-04 12:34:56.705995,0,0,0,
BigBrotherTrade/trader,no alerts,2024-10-04 12:34:59.582380,0,0,0,
tony/django-docutils,alerts,2024-10-04 12:35:10.292465,4,3,1,
Conceiva/MezzmoKodiPlugin,alerts,2024-10-04 12:35:24.539360,45,11,6,
0--key/lib,no alerts,2024-10-04 12:35:37.944125,0,0,0,
srz-zumix/wandbox-api,alerts,2024-10-04 12:35:51.533965,48,34,5,
google/osv.dev,no alerts,2024-10-04 12:36:00.671692,0,0,0,
jclgoodwin/bustimes.org.uk,no alerts,2024-10-04 12:36:13.379500,0,0,0,
adamchainz/pytest-super-check,no alerts,2024-10-04 12:36:22.148415,0,0,0,
chaquo/chaquopy,no alerts,2024-10-04 12:36:53.110909,0,0,0,
cerinunn/pdart,alerts,2024-10-04 12:38:55.040246,187,75,7,
donkirkby/donimoes,no alerts,2024-10-04 12:39:07.798303,0,0,0,
ProteinDF/QCLObot,no alerts,2024-10-04 12:39:14.142951,0,0,0,
oorabona/node-liblzma,alerts,2024-10-04 12:39:21.650509,1,1,1,
GoogleCloudPlatform/datacatalog-tag-engine,alerts,2024-10-04 12:39:46.760638,76,23,10,
LuisAlejandro/candyshop,no alerts,2024-10-04 12:39:50.966459,0,0,0,
davidski/zestimate-lambda,no alerts,2024-10-04 12:39:58.548460,0,0,0,
ProjectPyRhO/PyRhO,no alerts,2024-10-04 12:40:03.063492,0,0,0,
ryankanno/cookiecutter-py,alerts,2024-10-04 12:40:12.989016,3,2,1,
crmathieu/Orbital,no alerts,2024-10-04 12:43:09.186248,0,0,0,
veltzer/templar,not cloned,2024-10-04 12:43:19.478214,0,0,0,
bengosney/rhgd3,alerts,2024-10-04 12:43:48.025677,39,30,2,
googleapis/python-monitoring-dashboards,no alerts,2024-10-04 12:44:02.067602,0,0,0,
diegogslomp/django-monitor,no alerts,2024-10-04 12:44:25.846064,0,0,0,
d2emon/generator-pack,alerts,2024-10-04 12:47:45.903514,228,66,5,
vilisimo/ads,alerts,2024-10-04 12:48:05.926610,16,12,3,
romainsacchi/carculator,no alerts,2024-10-04 12:49:35.573635,0,0,0,
leliel12/scikit-criteria,alerts,2024-10-04 12:50:12.948605,2,1,1,
mmgen/mmgen,no alerts,2024-10-04 12:50:17.682082,0,0,0,
kedder/soaring-coupons,alerts,2024-10-04 12:50:28.913813,0,0,0,
adamchainz/mariadb-dyncol,alerts,2024-10-04 12:50:37.794207,1,1,1,
googleapis/python-webrisk,no alerts,2024-10-04 12:50:45.757373,0,0,0,
deepmind/dm_robotics,not cloned,2024-10-04 12:51:39.687275,0,0,0,
mrachinskiy/jewelcraft,alerts,2024-10-04 12:52:01.337787,58,33,3,
googleapis/python-datalabeling,no alerts,2024-10-04 12:52:10.247949,0,0,0,
googleapis/python-containeranalysis,no alerts,2024-10-04 12:52:17.410021,0,0,0,
nyu-devops/lab-flask-tdd,alerts,2024-10-04 12:52:26.103500,2,2,1,
goodtune/vitriolic,alerts,2024-10-04 12:53:07.701899,54,33,9,
kitsuyui/bamboo-crawler,alerts,2024-10-04 12:53:20.645992,1,1,1,
Maselkov/GW2Bot,alerts,2024-10-04 12:53:43.559010,61,19,9,
bob-anderson-ok/py-ote,alerts,2024-10-04 12:54:34.349169,61,14,7,
pauliacomi/pyGAPS,alerts,2024-10-04 12:55:12.845628,57,31,7,
hotsyk/hotsyk,alerts,2024-10-04 12:55:20.634833,1,1,1,
PhoenixBureau/PythonOberon,alerts,2024-10-04 12:55:34.418430,15,8,5,
nikitanovosibirsk/jj,no alerts,2024-10-04 12:55:37.782431,0,0,0,
MKuranowski/WarsawGTFS,no alerts,2024-10-04 12:55:40.651542,0,0,0,
google-research/t5x,no alerts,2024-10-04 12:55:49.372929,0,0,0,
substrait-io/substrait,alerts,2024-10-04 12:55:57.482583,4,2,1,
googleapis/python-secret-manager,no alerts,2024-10-04 12:56:05.724233,0,0,0,
codingjoe/django-s3file,alerts,2024-10-04 12:56:15.763523,0,0,0,
feinheit/django-fhadmin,no alerts,2024-10-04 12:56:24.910269,0,0,0,
alexprengere/neobase,no alerts,2024-10-04 12:57:08.217116,0,0,0,
pureqml/qmlcore,alerts,2024-10-04 12:57:33.278773,24,7,6,
GregDMeyer/dynamite,alerts,2024-10-04 12:57:58.314655,15,8,4,
Fyzel/weather-data-flaskapi,alerts,2024-10-04 12:58:09.794779,6,1,1,
Guts/DicoGIS,no alerts,2024-10-04 12:58:18.145279,0,0,0,
natl/fractaldna,no alerts,2024-10-04 12:58:31.587437,0,0,0,
WhiteMagic/JoystickGremlin,alerts,2024-10-04 12:59:22.137410,60,38,11,
looker-open-source/lmanage,no alerts,2024-10-04 12:59:30.330399,0,0,0,
quantumlib/ReCirq,no alerts,2024-10-04 12:59:37.357921,0,0,0,
cihai/unihan-db,alerts,2024-10-04 12:59:48.797208,3,1,1,
yuttie/hydrangea-vim,alerts,2024-10-04 12:59:57.408734,1,0,0,
jar3b/py-phias,alerts,2024-10-04 13:00:11.963889,16,10,3,
LuisAlejandro/pypicontents,no alerts,2024-10-04 13:00:14.839405,0,0,0,
google-research/jax3d,no alerts,2024-10-04 13:00:25.600540,0,0,0,
abbbi/qmpbackup,alerts,2024-10-04 13:00:36.388484,3,1,1,
asottile/css-explore,no alerts,2024-10-04 13:00:47.300563,0,0,0,
layday/instawow,not cloned,2024-10-04 13:02:09.099114,0,0,0,
erwan-lemonnier/klue-microservice,alerts,2024-10-04 13:02:31.736345,21,11,5,
seung-lab/cloud-volume,no alerts,2024-10-04 13:04:27.446074,0,0,0,
sebp/scikit-survival,alerts,2024-10-04 13:05:21.620292,30,12,4,
Jarn/jarn.mkrelease,alerts,2024-10-04 13:05:35.287968,11,5,4,
Harmon758/Harmonbot,no alerts,2024-10-04 13:11:14.904049,0,0,0,
xilopaint/alfred-pdf-tools,not cloned,2024-10-04 13:12:06.377634,0,0,0,
anselmobd/fo2,alerts,2024-10-04 13:22:21.965493,624,412,13,
Der-Eddy/discord_bot,alerts,2024-10-04 13:22:41.384126,15,7,5,
google/budoux,no alerts,2024-10-04 13:22:46.501013,0,0,0,
erikw/taiga-stats,alerts,2024-10-04 13:22:57.431348,8,4,3,
foarsitter/decide-exchange-model,alerts,2024-10-04 13:23:15.800750,26,12,6,
fumitoh/modelx,no alerts,2024-10-04 13:23:20.658074,0,0,0,
dlu-ch/dlb,alerts,2024-10-04 13:23:55.671057,91,36,8,
dprojects/getDimensions,no alerts,2024-10-04 13:24:14.306163,0,0,0,
mgaertne/minqlx-plugin-tests,alerts,2024-10-04 13:24:52.856977,70,27,6,
asphalt-framework/asphalt-templating,alerts,2024-10-04 13:25:01.780893,0,0,0,
mayeut/pybase64,alerts,2024-10-04 13:25:12.848244,4,2,2,
leprikon-cz/leprikon,no alerts,2024-10-04 13:25:18.691069,0,0,0,
naschorr/hawking,alerts,2024-10-04 13:25:34.841902,84,26,6,
aevri/mel,no alerts,2024-10-04 13:25:38.150712,0,0,0,
google-research/nisaba,alerts,2024-10-04 13:25:55.944782,4,4,2,
tomswartz07/SpaceLaunchSlackBot,alerts,2024-10-04 13:26:03.411038,1,1,1,
google/scaaml,no alerts,2024-10-04 13:26:08.171093,0,0,0,
googleapis/python-grafeas,no alerts,2024-10-04 13:26:15.570439,0,0,0,
geopandas/xyzservices,no alerts,2024-10-04 13:26:19.579037,0,0,0,
jarnoln/cvdb,no alerts,2024-10-04 13:26:22.600452,0,0,0,
DrDos0016/z2,alerts,2024-10-04 16:14:17.319083,271,122,8,
aaugustin/django-sesame,alerts,2024-10-04 16:14:27.588406,4,2,1,
ajyoon/brown,alerts,2024-10-04 16:14:49.255542,7,6,3,
ttu/ruuvitag-sensor,alerts,2024-10-04 16:15:04.454509,26,12,2,
Project-MONAI/MONAI,no alerts,2024-10-04 16:15:25.089885,0,0,0,
mjcaley/aiospamc,no alerts,2024-10-04 16:15:28.838723,0,0,0,
Ousret/charset_normalizer,no alerts,2024-10-04 16:15:32.310966,0,0,0,
LuisAlejandro/pipsalabim,no alerts,2024-10-04 16:15:35.464391,0,0,0,
google-research/circuit_training,no alerts,2024-10-04 16:15:38.995325,0,0,0,
googleapis/python-scheduler,no alerts,2024-10-04 16:15:46.553054,0,0,0,
south-coast-science/scs_mfr,not cloned,2024-10-04 16:15:53.384402,0,0,0,
AmitMY/pose-format,alerts,2024-10-04 16:16:29.030714,31,14,2,
hendrikwout/pynacolada,alerts,2024-10-04 16:17:02.984283,63,15,8,
larsbijl/trending_archive,no alerts,2024-10-04 16:17:25.622737,0,0,0,
matkoniecz/OSM-wikipedia-tag-validator,alerts,2024-10-04 16:17:45.538378,22,5,3,
deepmind/launchpad,no alerts,2024-10-04 16:17:51.414984,0,0,0,
edison7500/dugong,no alerts,2024-10-04 16:17:57.973140,0,0,0,
erral/eitbapi,no alerts,2024-10-04 16:18:09.570737,0,0,0,
googleapis/python-iam,no alerts,2024-10-04 16:18:25.682863,0,0,0,
barberscore/barberscore-api,alerts,2024-10-04 16:20:01.343638,128,78,6,
google/aqt,no alerts,2024-10-04 16:20:08.253755,0,0,0,
icatproject/python-icat,alerts,2024-10-04 16:20:50.418041,27,14,5,
srvanrell/ranking-table-tennis,alerts,2024-10-04 16:21:18.546660,2,1,1,
tonygalmiche/is_plastigray,no alerts,2024-10-04 16:21:22.160968,0,0,0,
MusculoskeletalAtlasProject/mapclient,alerts,2024-10-04 16:23:18.315486,166,69,11,
sde1000/quicktill,no alerts,2024-10-04 16:23:23.317254,0,0,0,
simoninireland/epydemic,no alerts,2024-10-04 16:23:26.853464,0,0,0,
vokimon/apunts,alerts,2024-10-04 16:23:41.745862,1,0,0,
pleiszenburg/zugbruecke,alerts,2024-10-04 16:24:00.253369,48,8,4,
asottile/cheetah_lint,no alerts,2024-10-04 16:24:03.257949,0,0,0,
kevinkahn/softconsole,alerts,2024-10-04 16:24:44.626144,245,86,11,
google-research/graphworld,alerts,2024-10-04 16:25:02.580387,25,14,4,
googleapis/doc-pipeline,alerts,2024-10-04 16:25:15.711633,2,1,1,
matthiask/feincms3,no alerts,2024-10-04 16:25:19.365446,0,0,0,
yaqwsx/PcbDraw,no alerts,2024-10-04 16:25:22.675506,0,0,0,
piMoll/SEILAPLAN,alerts,2024-10-04 16:27:38.010253,407,128,15,
timcera/tsgettoolbox,alerts,2024-10-04 16:28:46.205105,60,34,6,
googleapis/python-securitycenter,no alerts,2024-10-04 16:28:54.231554,0,0,0,
tony/libvcs,alerts,2024-10-04 16:29:08.852842,16,9,5,
bl4de/security-tools,alerts,2024-10-04 16:29:27.431212,22,11,6,
tallforasmurf/PPQT2,alerts,2024-10-04 16:29:52.402270,68,23,8,
Robpol86/robpol86.com,no alerts,2024-10-04 16:30:26.319266,0,0,0,
jeromecc/doctoctocbot,alerts,2024-10-04 16:35:35.723206,403,277,12,
ecolell/pfamserver,alerts,2024-10-04 16:36:08.665690,0,0,0,
GoogleCloudPlatform/serverless-spark-workshop,alerts,2024-10-04 16:37:06.114841,78,30,6,
cclauss/itinerant-tester,alerts,2024-10-04 16:37:16.668489,2,2,2,
kbd/setup,alerts,2024-10-04 16:37:28.910108,1,0,0,
shahinism/python-negar,alerts,2024-10-04 16:37:40.560011,1,1,1,
thombashi/sqlitebiter,no alerts,2024-10-04 16:37:43.970442,0,0,0,
google/orbax,alerts,2024-10-04 16:38:33.791131,51,30,6,
openslide/openslide-python,alerts,2024-10-04 16:38:50.457916,3,3,3,
arizvisa/syringe,alerts,2024-10-04 16:43:07.694324,564,207,12,
combatopera/aridity,not cloned,2024-10-04 16:43:16.578653,0,0,0,
regardscitoyens/twitter-parlementaires,alerts,2024-10-04 16:46:19.457977,1,1,1,
DStauffman/dstauffman,no alerts,2024-10-04 16:46:29.159409,0,0,0,
bje-/NEMO,no alerts,2024-10-04 16:46:42.370797,0,0,0,
tomcatmanager/tomcatmanager,alerts,2024-10-04 16:47:55.568393,0,0,0,
dan-cristian/haiot,no alerts,2024-10-04 16:48:12.532875,0,0,0,
nbro/ands,alerts,2024-10-04 16:48:49.122582,3,2,2,
nyu-devops/lab-flask-bdd,alerts,2024-10-04 16:49:02.730369,3,2,1,
molpopgen/fwdpy11,no alerts,2024-10-04 16:49:17.002520,0,0,0,
mikf/gallery-dl,alerts,2024-10-04 16:56:40.172161,142,62,8,
pekrau/Publications,no alerts,2024-10-04 16:57:01.874527,0,0,0,
sqall01/alertR,alerts,2024-10-04 16:59:09.622055,285,95,9,
pyannote/pyannote-audio,alerts,2024-10-04 17:01:15.458871,52,29,4,
OzFlux/PyFluxPro,no alerts,2024-10-04 17:01:26.312750,0,0,0,
google/etils,no alerts,2024-10-04 17:01:33.860611,0,0,0,
joshwalawender/IQMon,no alerts,2024-10-04 17:01:42.708916,0,0,0,
whitews/FlowUtils,alerts,2024-10-04 17:02:09.427384,1,0,0,
Micronaet/micronaet-product,alerts,2024-10-04 17:03:15.907699,95,73,5,
Nicoretti/crc,alerts,2024-10-04 17:03:41.649667,0,0,0,
GoogleCloudPlatform/dataflow-geobeam,alerts,2024-10-04 17:04:07.367578,4,3,2,
tiangolo/typer,no alerts,2024-10-04 17:04:14.163756,0,0,0,
nmayorov/pyins,no alerts,2024-10-04 17:04:22.278738,0,0,0,
michaelerule/neurotools,no alerts,2024-10-04 17:04:48.429090,0,0,0,
fracpete/python-weka-wrapper3,alerts,2024-10-04 17:05:48.234866,65,21,5,
adamchainz/django-mysql,alerts,2024-10-04 17:06:18.436626,0,0,0,
andreymal/mini_fiction,no alerts,2024-10-04 17:06:23.739766,0,0,0,
facebookresearch/minihack,no alerts,2024-10-04 17:06:34.028245,0,0,0,
aburrell/ocbpy,no alerts,2024-10-04 17:07:11.314356,0,0,0,
PySCeS/pysces,no alerts,2024-10-04 17:07:17.197157,0,0,0,
OCA/vertical-hotel,alerts,2024-10-04 17:07:36.826324,12,8,3,
djaodjin/djaodjin-deployutils,alerts,2024-10-04 17:07:58.972257,7,6,2,
crs4/ProMort,alerts,2024-10-04 17:09:02.661780,119,59,4,
graveljp/smugcli,no alerts,2024-10-04 17:09:06.356824,0,0,0,
Synss/python-mbedtls,alerts,2024-10-04 17:09:27.514415,0,0,0,
asteca/ASteCA,no alerts,2024-10-04 17:09:37.417793,0,0,0,
simonsdave/cloudfeaster,no alerts,2024-10-04 17:09:41.714248,0,0,0,
bazelbuild/bazel-central-registry,alerts,2024-10-04 17:10:01.137775,10,5,2,
smkent/safeway-coupons,alerts,2024-10-04 17:10:15.924823,1,1,1,
reahl/reahl,alerts,2024-10-04 17:11:52.268316,154,62,7,
Dog-Face-Development/Moms-Canning-Timer,no alerts,2024-10-04 17:12:00.677902,0,0,0,
linuxmuster/linuxmuster-base7,alerts,2024-10-04 17:12:10.780777,20,8,3,
googleapis/python-datacatalog,no alerts,2024-10-04 17:12:19.824783,0,0,0,
djaodjin/djaodjin-survey,alerts,2024-10-04 17:12:35.899741,10,7,4,
andreas-p/admin4,no alerts,2024-10-04 17:12:39.325657,0,0,0,
uw-it-aca/gradepage,no alerts,2024-10-04 17:12:47.096799,0,0,0,
googlecolab/colabtools,alerts,2024-10-04 17:13:06.186615,18,12,4,
blackjax-devs/blackjax,no alerts,2024-10-04 17:14:43.426769,0,0,0,
rookiepeng/UDP-QT,alerts,2024-10-04 17:14:51.655620,7,3,3,
googleapis/python-redis,no alerts,2024-10-04 17:15:00.076583,0,0,0,
dnmellen/django-rest-friendship,alerts,2024-10-04 17:15:08.246234,1,1,1,
intel/event-converter-for-linux-perf,alerts,2024-10-04 17:15:18.353994,16,6,3,
the-mace/evtools,alerts,2024-10-04 17:15:29.731654,22,4,2,
mdbartos/pysheds,no alerts,2024-10-04 17:15:35.903933,0,0,0,
google-research/scenic,no alerts,2024-10-04 17:15:55.241474,0,0,0,
williamjacksn/python-rainwave-client,alerts,2024-10-04 17:16:04.773370,2,1,1,
Erotemic/local,alerts,2024-10-04 17:16:49.939065,160,61,13,
googleapis/python-asset,no alerts,2024-10-04 17:16:58.201896,0,0,0,
log2timeline/dfvfs,no alerts,2024-10-04 17:17:23.297964,0,0,0,
onlinecity/phone-iso3166,alerts,2024-10-04 17:17:34.311951,1,0,0,
jcmgray/autoray,no alerts,2024-10-04 17:17:37.979382,0,0,0,
iesgn/openstack-debian-ansible,no alerts,2024-10-04 17:17:46.176158,0,0,0,
PseudoTV/PseudoTV_Live,alerts,2024-10-04 17:20:17.747012,194,53,10,
bengosney/romrescue.org,no alerts,2024-10-04 17:20:29.534110,0,0,0,
googleapis/python-iot,no alerts,2024-10-04 17:20:44.847325,0,0,0,
antoinecarme/pyaf,alerts,2024-10-04 17:22:52.305826,136,29,9,
aioworkers/aioworkers,no alerts,2024-10-04 17:22:56.627467,0,0,0,
albertyw/base-flask,no alerts,2024-10-04 17:23:07.433812,0,0,0,
mzechmeister/serval,alerts,2024-10-04 17:23:51.287302,117,37,8,
janpipek/physt,alerts,2024-10-04 17:24:26.027904,23,9,4,
fabiocaccamo/python-codicefiscale,alerts,2024-10-04 17:24:39.764957,4,3,3,
GoogleCloudPlatform/cloud-run-microservice-template-python,alerts,2024-10-04 17:24:49.857567,1,1,1,
ICTU/quality-time,alerts,2024-10-04 17:26:39.273780,198,82,3,
pylipp/financeager,no alerts,2024-10-04 17:26:43.497786,0,0,0,
WLUG/meetings,alerts,2024-10-04 17:27:30.497727,5,1,1,
googleapis/google-auth-library-python-oauthlib,alerts,2024-10-04 17:27:40.714341,0,0,0,
pydcs/dcs,no alerts,2024-10-04 17:27:47.797927,0,0,0,
google-research/ott,no alerts,2024-10-04 17:27:51.915462,0,0,0,
googleapis/python-kms,no alerts,2024-10-04 17:27:59.391216,0,0,0,
victronenergy/dbus-systemcalc-py,alerts,2024-10-04 17:28:13.846894,37,14,8,
sparkslabs/guild,no alerts,2024-10-04 17:28:16.838296,0,0,0,
Patrick-Cole/pygmi,no alerts,2024-10-04 17:29:25.953542,0,0,0,
dgketchum/MT_Rsense,alerts,2024-10-04 17:29:50.615458,73,37,8,
ozsolarwind/siren,no alerts,2024-10-04 17:29:54.856829,0,0,0,
tensorflow/tfhub.dev,no alerts,2024-10-04 17:29:59.441151,0,0,0,
Erotemic/ubelt,no alerts,2024-10-04 17:30:02.821804,0,0,0,
burningmantech/ranger-ims-server,alerts,2024-10-04 17:30:27.383105,17,11,6,
jorisroovers/gitlint,alerts,2024-10-04 17:30:43.750213,27,7,2,
Rapptz/RoboDanny,alerts,2024-10-04 17:31:04.908572,82,23,8,
HumanCompatibleAI/imitation,alerts,2024-10-04 17:31:37.119360,11,7,4,
catusf/tudien,alerts,2024-10-04 17:37:00.828715,20,7,4,
jnewland/ha-config,alerts,2024-10-04 17:37:28.212761,66,38,7,
imperial-genomics-facility/data-management-python,no alerts,2024-10-04 17:37:36.992273,0,0,0,
pywbem/pywbemtools,no alerts,2024-10-04 17:37:41.475773,0,0,0,
qutip/qutip-benchmark,alerts,2024-10-04 17:37:59.496987,32,14,4,
CellProfiling/cam_acq,alerts,2024-10-04 17:38:23.679259,0,0,0,
suever/MATL-Online,alerts,2024-10-04 17:38:35.159537,1,1,1,
deepmind/android_env,no alerts,2024-10-04 17:39:17.789871,0,0,0,
deepmind/enn,no alerts,2024-10-04 17:39:21.110035,0,0,0,
lassekongo83/Frellwits-filter-lists,no alerts,2024-10-04 17:39:29.918856,0,0,0,
albertyw/albertyw.com,no alerts,2024-10-04 17:39:34.837186,0,0,0,
HaroldMills/Vesper,no alerts,2024-10-04 17:39:58.969819,0,0,0,
googleapis/python-tasks,no alerts,2024-10-04 17:40:06.402658,0,0,0,
django-functest/django-functest,alerts,2024-10-04 17:40:16.416476,1,0,0,
